0.0	1	1	1.0	0.33	['D2', 'F#3']
0.33	1	1.33	0.0625	0.33	['A2', 'D4']
0.67	1	1.67	0.0625	0.33	['D3', 'A3']
1.0	1	2	0.5	0.33	['F#3', 'F#4']
1.33	1	2.33	0.0625	0.33	['D3', 'D4']
1.67	1	2.67	0.0625	0.33	['A2', 'A3']
2.0	2	1	1.0	0.33	['D2', 'F#3']
2.33	2	1.33	0.0625	0.33	['A2', 'D4']
2.67	2	1.67	0.0625	0.33	['D3', 'A3']
3.0	2	2	0.5	0.33	['F#3', 'F#4']
3.33	2	2.33	0.0625	0.33	['D3', 'D4']
3.67	2	2.67	0.0625	0.33	['A2', 'A3']
4.0	3	1	1.0	0.33	['D2', 'F#3']
4.33	3	1.33	0.0625	0.33	['A2', 'D4']
4.67	3	1.67	0.0625	0.33	['D3', 'A3']
5.0	3	2	0.5	0.33	['F#3', 'F#4']
5.33	3	2.33	0.0625	0.33	['D3', 'D4']
5.67	3	2.67	0.0625	0.33	['A2', 'A3']
6.0	4	1	1.0	0.33	['D2', 'F#3']
6.33	4	1.33	0.0625	0.33	['A2', 'D4']
6.67	4	1.67	0.0625	0.33	['D3', 'A3']
7.0	4	2	0.5	0.33	['F#3', 'F#4']
7.33	4	2.33	0.0625	0.33	['D3', 'D4']
7.67	4	2.67	0.0625	0.08	['A2', 'A3']
7.75	4	2.75	0.125	0.25	['A2', 'A3', 'F#4']
8.0	5	1	1.0	0.33	['D2', 'F#3', 'F#4']
8.33	5	1.33	0.0625	0.33	['A2', 'D4', 'F#4']
8.67	5	1.67	0.0625	0.33	['D3', 'A3', 'F#4']
9.0	5	2	0.5	0.33	['F#3', 'F#4']
9.33	5	2.33	0.0625	0.17	['D3', 'D4', 'F#4']
9.5	5	2.5	0.25	0.17	['D3', 'D4']
9.67	5	2.67	0.0625	0.08	['A2', 'A3']
9.75	5	2.75	0.125	0.25	['A2', 'A3', 'G4']
10.0	6	1	1.0	0.33	['D2', 'F#3', 'A4']
10.33	6	1.33	0.0625	0.33	['A2', 'D4', 'A4']
10.67	6	1.67	0.0625	0.33	['D3', 'A3', 'A4']
11.0	6	2	0.5	0.33	['F#3', 'F#4', 'A4']
11.33	6	2.33	0.0625	0.17	['D3', 'D4', 'A4']
11.5	6	2.5	0.25	0.17	['D3', 'D4']
11.67	6	2.67	0.0625	0.08	['A2', 'A3']
11.75	6	2.75	0.125	0.25	['A2', 'A3', 'D5']
12.0	7	1	1.0	0.33	['D2', 'G3', 'C#5']
12.33	7	1.33	0.0625	0.33	['A2', 'C#4', 'C#5']
12.67	7	1.67	0.0625	0.08	['C#3', 'A3', 'C#5']
12.75	7	1.75	0.125	0.25	['C#3', 'A3', 'B4']
13.0	7	2	0.5	0.33	['G3', 'G4', 'C#5']
13.33	7	2.33	0.0625	0.33	['C#3', 'C#4', 'C#5']
13.67	7	2.67	0.0625	0.08	['A2', 'A3', 'C#5']
13.75	7	2.75	0.125	0.25	['A2', 'A3', 'E5']
14.0	8	1	1.0	0.33	['D2', 'F#3', 'D5']
14.33	8	1.33	0.0625	0.33	['A2', 'D4', 'D5']
14.67	8	1.67	0.0625	0.33	['D3', 'A3', 'D5']
15.0	8	2	0.5	0.33	['F#3', 'F#4', 'A4']
15.33	8	2.33	0.0625	0.17	['D3', 'D4', 'A4']
15.5	8	2.5	0.25	0.17	['D3', 'D4']
15.67	8	2.67	0.0625	0.33	['A2', 'A3']
16.0	9	1	1.0	0.33	['C#2', 'E3', 'A4']
16.33	9	1.33	0.0625	0.33	['A2', 'C#4', 'A4']
16.67	9	1.67	0.0625	0.33	['C#3', 'A3', 'A4']
17.0	9	2	0.5	0.33	['E3', 'E4', 'B4']
17.33	9	2.33	0.0625	0.17	['C#3', 'C#4', 'B4']
17.5	9	2.5	0.25	0.17	['C#3', 'C#4', 'C#5']
17.67	9	2.67	0.0625	0.33	['A2', 'A3', 'C#5']
18.0	10	1	1.0	0.33	['B1', 'F#3', 'D5']
18.33	10	1.33	0.0625	0.33	['F#2', 'D4', 'D5']
18.67	10	1.67	0.0625	0.33	['B2', 'A3', 'D5']
19.0	10	2	0.5	0.33	['D3', 'F#4', 'D5']
19.33	10	2.33	0.0625	0.17	['B2', 'D4', 'D5']
19.5	10	2.5	0.25	0.17	['B2', 'D4', 'D5']
19.67	10	2.67	0.0625	0.33	['F#2', 'A3', 'D5']
20.0	11	1	1.0	0.33	['E2', 'G3', 'F#5']
20.33	11	1.33	0.0625	0.33	['B2', 'D4', 'F#5']
20.67	11	1.67	0.0625	0.33	['E3', 'B3', 'F#5']
21.0	11	2	0.5	0.33	['C#2', 'G4', 'E5']
21.33	11	2.33	0.0625	0.17	['B2', 'E4', 'E5']
21.5	11	2.5	0.25	0.17	['B2', 'E4', 'B4']
21.67	11	2.67	0.0625	0.33	['E3', 'B3', 'B4']
22.0	12	1	1.0	0.33	['F#2', 'A#3', 'C#5']
22.33	12	1.33	0.0625	0.33	['A#2', 'F#4', 'C#5']
22.67	12	1.67	0.0625	0.33	['C#3', 'C#4', 'C#5']
23.0	12	2	0.5	0.33	['E2', 'G4', 'C#5']
23.33	12	2.33	0.0625	0.33	['A2', 'C#4', 'C#5']
23.67	12	2.67	0.0625	0.33	['C#3', 'A3', 'C#5']
24.0	13	1	1.0	0.33	['D2', 'F#3', 'F#4']
24.33	13	1.33	0.0625	0.33	['A2', 'D4', 'F#4']
24.67	13	1.67	0.0625	0.33	['D3', 'A3', 'F#4']
25.0	13	2	0.5	0.33	['F#3', 'F#4']
25.33	13	2.33	0.0625	0.17	['D3', 'D4', 'F#4']
25.5	13	2.5	0.25	0.17	['D3', 'D4', 'G4']
25.67	13	2.67	0.0625	0.33	['A2', 'A3', 'G4']
26.0	14	1	1.0	0.33	['D2', 'F#3', 'A4']
26.33	14	1.33	0.0625	0.33	['A2', 'D4', 'A4']
26.67	14	1.67	0.0625	0.33	['D3', 'A3', 'A4']
27.0	14	2	0.5	0.33	['F#3', 'F#4', 'D5']
27.33	14	2.33	0.0625	0.33	['D3', 'D4', 'D5']
27.67	14	2.67	0.0625	0.33	['A2', 'A3', 'D5']
28.0	15	1	1.0	0.33	['D2', 'G3', 'C#5']
28.33	15	1.33	0.0625	0.33	['A2', 'C#4', 'C#5']
28.67	15	1.67	0.0625	0.33	['C#3', 'A3', 'C#5']
29.0	15	2	0.5	0.33	['G3', 'G4', 'B4']
29.33	15	2.33	0.0625	0.33	['C#3', 'C#4', 'B4']
29.67	15	2.67	0.0625	0.08	['A2', 'A3', 'B4']
29.75	15	2.75	0.125	0.25	['A2', 'A3', 'C#5']
30.0	16	1	1.0	0.33	['D2', 'F#3', 'D5']
30.33	16	1.33	0.0625	0.33	['A2', 'D4', 'D5']
30.67	16	1.67	0.0625	0.33	['D3', 'A3', 'D5']
31.0	16	2	0.5	0.33	['F#3', 'F#4', 'A4']
31.33	16	2.33	0.0625	0.17	['D3', 'D4', 'A4']
31.5	16	2.5	0.25	0.17	['D3', 'D4']
31.67	16	2.67	0.0625	0.33	['A2', 'A3']
32.0	17	1	1.0	0.33	['D3', 'F#5']
32.33	17	1.33	0.0625	0.17	['D3', 'A3', 'F#5']
32.5	17	1.5	0.25	0.17	['A3', 'F#5']
32.67	17	1.67	0.0625	0.33	['D4', 'F#4', 'F#5']
33.0	17	2	0.5	0.33	['C#3', 'E5']
33.33	17	2.33	0.0625	0.17	['C#3', 'A3', 'E5']
33.5	17	2.5	0.25	0.17	['A3', 'E5']
33.67	17	2.67	0.0625	0.08	['E4', 'A4', 'E5']
33.75	17	2.75	0.125	0.25	['E4', 'A4']
34.0	18	1	1.0	0.33	['F#3', 'A4']
34.33	18	1.33	0.0625	0.17	['F#3', 'A3', 'A4']
34.5	18	1.5	0.25	0.17	['A3', 'A4']
34.67	18	1.67	0.0625	0.33	['C#4', 'F#4', 'A4']
35.0	18	2	0.5	0.33	['B2', 'B4']
35.33	18	2.33	0.0625	0.17	['B2', 'B3', 'B4']
35.5	18	2.5	0.25	0.17	['B3', 'B4']
35.67	18	2.67	0.0625	0.08	['D4', 'F#4', 'B4']
35.75	18	2.75	0.125	0.25	['D4', 'F#4', 'D5']
36.0	19	1	1.0	0.33	['E3', 'C#5']
36.33	19	1.33	0.0625	0.17	['E3', 'G#3', 'C#5']
36.5	19	1.5	0.25	0.17	['G#3', 'C#5']
36.67	19	1.67	0.0625	0.33	['D4', 'E4', 'C#5']
37.0	19	2	0.5	0.33	['E2', 'C#5']
37.33	19	2.33	0.0625	0.17	['E2', 'G#3', 'C#5']
37.5	19	2.5	0.25	0.17	['G#3', 'B4']
37.67	19	2.67	0.0625	0.33	['D4', 'E4', 'B4']
38.0	20	1	1.0	0.33	['A2', 'A4']
38.33	20	1.33	0.0625	0.33	['A2', 'A3', 'A4']
38.67	20	1.67	0.0625	0.33	['A2', 'C#4', 'E4', 'A4']
39.0	20	2	0.5	0.33	['A4']
39.33	20	2.33	0.0625	0.17	['C#4', 'E4', 'A4']
39.5	20	2.5	0.25	0.17	['C#4', 'E4']
39.67	20	2.67	0.0625	0.33	['A3']
40.0	21	1	1.0	0.33	['G3', 'B-3', 'B-4']
40.33	21	1.33	0.0625	0.17	['G3', 'F4', 'B-4']
40.5	21	1.5	0.25	0.17	['G3', 'F4', 'B-4']
40.67	21	1.67	0.0625	0.08	['G3', 'D4', 'B-4']
40.75	21	1.75	0.125	0.25	['G3', 'D4']
41.0	21	2	0.5	0.33	['G3', 'B-4']
41.33	21	2.33	0.0625	0.17	['G3', 'F4', 'B-4']
41.5	21	2.5	0.25	0.17	['G3', 'F4', 'A4']
41.67	21	2.67	0.0625	0.33	['G3', 'D4', 'A4']
42.0	22	1	1.0	0.33	['C3', 'B-3', 'B-4']
42.33	22	1.33	0.0625	0.17	['C3', 'E4', 'B-4']
42.5	22	1.5	0.25	0.17	['C3', 'E4', 'C5']
42.67	22	1.67	0.0625	0.33	['C3', 'C4', 'C5']
43.0	22	2	0.5	0.33	['C3', 'B-4', 'D5']
43.33	22	2.33	0.0625	0.33	['C3', 'E4', 'D5']
43.67	22	2.67	0.0625	0.08	['C3', 'C4', 'D5']
43.75	22	2.75	0.125	0.25	['C3', 'C4', 'E5']
44.0	23	1	1.0	0.33	['F3', 'B-3', 'E5']
44.33	23	1.33	0.0625	0.33	['F3', 'E4', 'E5']
44.67	23	1.67	0.0625	0.33	['F3', 'C4', 'E5']
45.0	23	2	0.5	0.33	['F3', 'B-4', 'E5']
45.33	23	2.33	0.0625	0.17	['F3', 'E4', 'E5']
45.5	23	2.5	0.25	0.17	['F3', 'E4', 'F5']
45.67	23	2.67	0.0625	0.33	['F3', 'C4', 'F5']
46.0	24	1	1.0	0.33	['F2', 'A3', 'A4']
46.33	24	1.33	0.0625	0.33	['F2', 'F4', 'A4']
46.67	24	1.67	0.0625	0.33	['F2', 'C4', 'A4']
47.0	24	2	0.5	0.33	['F2', 'A4']
47.33	24	2.33	0.0625	0.17	['F2', 'F4', 'A4']
47.5	24	2.5	0.25	0.17	['F4']
47.67	24	2.67	0.0625	0.33	['C4']
48.0	25	1	1.0	0.33	['E3', 'G4']
48.33	25	1.33	0.0625	0.33	['E3', 'B-3', 'G4']
48.67	25	1.67	0.0625	0.33	['E3', 'C#4', 'G4']
49.0	25	2	0.5	0.33	['E3', 'F#4', 'G4']
49.33	25	2.33	0.0625	0.17	['E3', 'C#4', 'F#4']
49.5	25	2.5	0.25	0.17	['E3', 'C#4', 'G4']
49.67	25	2.67	0.0625	0.33	['E3', 'B-3', 'G4']
50.0	26	1	1.0	0.33	['D3', 'A4']
50.33	26	1.33	0.0625	0.17	['D3', 'B-3', 'A4']
50.5	26	1.5	0.25	0.17	['D3', 'B-3', 'B-4']
50.67	26	1.67	0.0625	0.33	['D3', 'D4', 'B-4']
51.0	26	2	0.5	0.33	['D3', 'G4', 'C5']
51.33	26	2.33	0.0625	0.33	['D3', 'D4', 'C5']
51.67	26	2.67	0.0625	0.08	['D3', 'B-3', 'C5']
51.75	26	2.75	0.125	0.25	['D3', 'B-3', 'D5']
52.0	27	1	1.0	0.33	['C#3', 'E5']
52.33	27	1.33	0.0625	0.33	['C#3', 'A3', 'E5']
52.67	27	1.67	0.0625	0.33	['C#3', 'E4', 'G4', 'E5']
53.0	27	2	0.5	0.33	['C3', 'E5']
53.33	27	2.33	0.0625	0.33	['C3', 'A#3', 'E5']
53.67	27	2.67	0.0625	0.33	['C3', 'E4', 'G4', 'E5']
54.0	28	1	1.0	0.33	['B2', 'E5']
54.33	28	1.33	0.0625	0.33	['B2', 'B3', 'E5']
54.67	28	1.67	0.0625	0.33	['B2', 'E4', 'G4', 'E5']
55.0	28	2	0.5	0.33	['B-2', 'E5']
55.33	28	2.33	0.0625	0.33	['B-2', 'C4', 'E5']
55.67	28	2.67	0.0625	0.33	['B-2', 'E4', 'G4', 'E5']
56.0	29	1	1.0	0.33	['A2', 'C#4', 'F#5']
56.33	29	1.33	0.0625	0.17	['A2', 'G4', 'F#5']
56.5	29	1.5	0.25	0.17	['G4', 'F#5']
56.67	29	1.67	0.0625	0.33	['C#4', 'F#5']
57.0	29	2	0.5	0.33	['A2', 'C#3', 'G3', 'A4', 'F#5']
57.33	29	2.33	0.0625	0.17	['A2', 'C#3', 'G3', 'G4', 'F#5']
57.5	29	2.5	0.25	0.17	['G4', 'E5']
57.67	29	2.67	0.0625	0.33	['C#4', 'E5']
58.0	30	1	1.0	0.33	['A1', 'A2', 'A3', 'D5']
58.33	30	1.33	0.0625	0.17	['A1', 'A2', 'F#4', 'D5']
58.5	30	1.5	0.25	0.17	['F#4', 'D5']
58.67	30	1.67	0.0625	0.33	['D4', 'D5']
59.0	30	2	0.5	0.33	['A2', 'D3', 'F#3', 'A4', 'D5']
59.33	30	2.33	0.0625	0.17	['A2', 'D3', 'F#3', 'F#4', 'D5']
59.5	30	2.5	0.25	0.17	['F#4']
59.67	30	2.67	0.0625	0.33	['D4', 'F#4']
60.0	31	1	1.0	0.33	['A1', 'A2', 'A3', 'G4']
60.33	31	1.33	0.0625	0.17	['A1', 'A2', 'G4']
60.5	31	1.5	0.25	0.17	['G4']
60.67	31	1.67	0.0625	0.08	['C#4', 'G4']
60.75	31	1.75	0.125	0.25	['C#4', 'F#4']
61.0	31	2	0.5	0.33	['A2', 'E3', 'G3', 'G4', 'A4']
61.33	31	2.33	0.0625	0.17	['A2', 'E3', 'G3', 'G4']
61.5	31	2.5	0.25	0.17	['G4']
61.67	31	2.67	0.0625	0.08	['C#4', 'G4']
61.75	31	2.75	0.125	0.25	['C#4', 'A4']
62.0	32	1	1.0	0.33	['A1', 'A2', 'A3', 'F#4']
62.33	32	1.33	0.0625	0.17	['A1', 'A2', 'F#4']
62.5	32	1.5	0.25	0.17	['F#4']
62.67	32	1.67	0.0625	0.33	['D4', 'F#4']
63.0	32	2	0.5	0.25	['A2', 'D3', 'F#3', 'F#4', 'A4']
63.25	32	2.25	0.125	0.08	['A2', 'D3', 'F#3', 'A4']
63.33	32	2.33	0.0625	0.17	['A2', 'D3', 'F#3', 'F#4']
63.5	32	2.5	0.25	0.17	['F#4', 'A4']
63.67	32	2.67	0.0625	0.33	['D4', 'A4']
64.0	33	1	1.0	0.33	['A1', 'A2', 'A3', 'E5']
64.33	33	1.33	0.0625	0.17	['A1', 'A2', 'G4', 'E5']
64.5	33	1.5	0.25	0.17	['G4', 'E5']
64.67	33	1.67	0.0625	0.33	['C#4', 'E5']
65.0	33	2	0.5	0.33	['A2', 'E3', 'G3', 'A4']
65.33	33	2.33	0.0625	0.17	['A2', 'E3', 'G3', 'G4']
65.5	33	2.5	0.25	0.17	['G4', 'C#5']
65.67	33	2.67	0.0625	0.33	['C#4', 'C#5']
66.0	34	1	1.0	0.33	['A1', 'A2', 'A3', 'D5']
66.33	34	1.33	0.0625	0.17	['A1', 'A2', 'F#4', 'D5']
66.5	34	1.5	0.25	0.17	['F#4', 'D5']
66.67	34	1.67	0.0625	0.33	['D4', 'D5']
67.0	34	2	0.5	0.25	['A2', 'D3', 'F#3', 'A4', 'D5']
67.25	34	2.25	0.125	0.08	['A2', 'D3', 'F#3', 'A4']
67.33	34	2.33	0.0625	0.17	['A2', 'D3', 'F#3', 'F#4']
67.5	34	2.5	0.25	0.17	['F#4', 'A4']
67.67	34	2.67	0.0625	0.33	['D4', 'A4']
68.0	35	1	1.0	0.33	['A1', 'A2', 'A3', 'B4']
68.33	35	1.33	0.0625	0.17	['A1', 'A2', 'G4', 'B4']
68.5	35	1.5	0.25	0.17	['G4', 'C#5']
68.67	35	1.67	0.0625	0.33	['E4', 'C#5']
69.0	35	2	0.5	0.5	['A2', 'C#3', 'G3', 'A4', 'D5']
69.5	35	2.5	0.25	0.5	['E5']
70.0	36	1	1.0	0.33	['G#2', 'D3', 'F3', 'B3', 'F5']
70.33	36	1.33	0.0625	0.33	['G#2', 'D3', 'F3', 'D4', 'F5']
70.67	36	1.67	0.0625	0.33	['G#2', 'D3', 'F3', 'F4', 'F5']
71.0	36	2	0.5	0.33	['G#2', 'D3', 'F3', 'B4', 'F5']
71.33	36	2.33	0.0625	0.33	['G#2', 'D3', 'F3', 'D5', 'F5']
71.67	36	2.67	0.0625	0.33	['G#2', 'D3', 'F3', 'F5']
72.0	37	1	1.0	0.33	['G#3', 'D4', 'F4', 'F5', 'B5']
72.33	37	1.33	0.0625	0.33	['G#3', 'D4', 'F4', 'F5']
72.67	37	1.67	0.0625	0.33	['G#3', 'D4', 'F4', 'D5', 'F5']
73.0	37	2	0.5	0.33	['G#3', 'D4', 'F4', 'B4']
73.33	37	2.33	0.0625	0.17	['G#3', 'D4', 'F4']
73.5	37	2.5	0.25	0.17	['G#3', 'D4', 'F4', 'D5']
73.67	37	2.67	0.0625	0.33	['G#3', 'D4', 'F4', 'D5']
74.0	38	1	1.0	0.33	['G#2', 'D3', 'F3', 'B3', 'F5']
74.33	38	1.33	0.0625	0.33	['G#2', 'D3', 'F3', 'D4', 'F5']
74.67	38	1.67	0.0625	0.33	['G#2', 'D3', 'F3', 'F4', 'F5']
75.0	38	2	0.5	0.33	['G#2', 'D3', 'F3', 'B4']
75.33	38	2.33	0.0625	0.17	['G#2', 'D3', 'F3', 'D5']
75.5	38	2.5	0.25	0.17	['G#2', 'D3', 'F3', 'D5']
75.67	38	2.67	0.0625	0.33	['G#2', 'D3', 'F3', 'D5', 'F5']
76.0	39	1	1.0	0.33	['G#3', 'D4', 'F4', 'F5', 'B5']
76.33	39	1.33	0.0625	0.33	['G#3', 'D4', 'F4', 'F5']
76.67	39	1.67	0.0625	0.33	['G#3', 'D4', 'F4', 'D5', 'F5']
77.0	39	2	0.5	0.33	['G#3', 'D4', 'F4', 'B4']
77.33	39	2.33	0.0625	0.17	['G#3', 'D4', 'F4', 'D5']
77.5	39	2.5	0.25	0.17	['G#3', 'D4', 'F4', 'D5']
77.67	39	2.67	0.0625	0.33	['G#3', 'D4', 'F4', 'D5', 'F5']
78.0	40	1	1.0	0.33	['G#3', 'D4', 'F4', 'F5', 'B5']
78.33	40	1.33	0.0625	0.33	['G#3', 'D4', 'F4', 'F5']
78.67	40	1.67	0.0625	0.33	['G#3', 'D4', 'F4', 'D5', 'F5']
79.0	40	2	0.5	0.33	['G#3', 'D4', 'F4', 'B4', 'F5']
79.33	40	2.33	0.0625	0.33	['G#3', 'D4', 'F4', 'D5', 'F5']
79.67	40	2.67	0.0625	0.33	['G#3', 'D4', 'F4', 'F5']
80.0	41	1	1.0	0.5	['G#3', 'D4', 'F4', 'F5', 'B5']
80.5	41	1.5	0.25	1.25	['G#3', 'D4', 'F4', 'F5', 'B5']
81.75	41	2.75	0.125	0.25	['D5']
82.0	42	1	1.0	1.0	['A3', 'E4', 'G4', 'A4', 'D5']
83.0	42	2	0.5	1.0	['D5']
84.0	43	1	1.0	1.0	['A2', 'A3', 'E4', 'G4', 'A4', 'C#5']
85.0	43	2	0.5	0.75	['C#5']
85.75	43	2.75	0.125	0.25	['D5']
86.0	44	1	1.0	0.33	['D2', 'D4', 'F#4', 'A4', 'D5']
86.33	44	1.33	0.0625	0.33	['A2', 'D4', 'F#4', 'A4', 'D5']
86.67	44	1.67	0.0625	0.08	['D3', 'D4', 'F#4', 'A4', 'D5']
86.75	44	1.75	0.125	0.25	['D3', 'D5', 'F#5']
87.0	44	2	0.5	0.33	['F#3', 'D5', 'F#5']
87.33	44	2.33	0.0625	0.33	['D3', 'D5', 'F#5']
87.67	44	2.67	0.0625	0.08	['A2', 'D5', 'F#5']
87.75	44	2.75	0.125	0.25	['A2', 'D5', 'A5']
88.0	45	1	1.0	0.33	['D2', 'D5', 'F#5', 'A5']
88.33	45	1.33	0.0625	0.33	['A2', 'D5', 'F#5', 'A5']
88.67	45	1.67	0.0625	0.08	['D3', 'D5', 'F#5', 'A5']
88.75	45	1.75	0.125	0.25	['D3', 'D5', 'F#5']
89.0	45	2	0.5	0.33	['F#3', 'F#5']
89.33	45	2.33	0.0625	0.33	['D3', 'D5']
89.67	45	2.67	0.0625	0.33	['A2', 'A4']
90.0	46	1	1.0	0.33	['D2', 'A4', 'D5', 'F#5']
90.33	46	1.33	0.0625	0.33	['A2', 'A4', 'D5', 'F#5']
90.67	46	1.67	0.0625	0.08	['D3', 'A4', 'D5', 'F#5']
90.75	46	1.75	0.125	0.25	['D3', 'D5']
91.0	46	2	0.5	0.33	['F#3', 'D5']
91.33	46	2.33	0.0625	0.33	['D3', 'A4']
91.67	46	2.67	0.0625	0.33	['A2', 'F#4']
92.0	47	1	1.0	0.33	['D2', 'F#4', 'A4', 'D5']
92.33	47	1.33	0.0625	0.33	['A2', 'F#4', 'A4', 'D5']
92.67	47	1.67	0.0625	0.08	['D3', 'F#4', 'A4', 'D5']
92.75	47	1.75	0.125	0.25	['D3', 'A4']
93.0	47	2	0.5	0.33	['F#3', 'A4']
93.33	47	2.33	0.0625	0.33	['D3', 'F#4']
93.67	47	2.67	0.0625	0.33	['A2', 'A4']
94.0	48	1	1.0	0.33	['D2', 'D4']
94.33	48	1.33	0.0625	0.17	['D2', 'F#3']
94.5	48	1.5	0.25	0.17	['F#3']
94.67	48	1.67	0.0625	0.33	['F#4']
95.0	48	2	0.5	0.33	['F#3']
95.33	48	2.33	0.0625	0.33	['F#4']
95.67	48	2.67	0.0625	0.33	['F#3']
96.0	49	1	1.0	0.33	['F#4']
96.33	49	1.33	0.0625	0.33	['F#3']
96.67	49	1.67	0.0625	0.33	['F#4']
97.0	49	2	0.5	0.33	['F#3']
97.33	49	2.33	0.0625	0.17	['F#4']
97.5	49	2.5	0.25	0.17	['F#4']
97.67	49	2.67	0.0625	0.33	['F#3', 'F#4']
98.0	50	1	1.0	0.33	['D3', 'F#4']
98.33	50	1.33	0.0625	0.33	['D3', 'F#3', 'F#4']
98.67	50	1.67	0.0625	0.33	['D3', 'F#4']
99.0	50	2	0.5	0.33	['D3', 'F#3']
99.33	50	2.33	0.0625	0.17	['D3', 'F#4']
99.5	50	2.5	0.25	0.17	['D3', 'F#4']
99.67	50	2.67	0.0625	0.33	['D3', 'F#3', 'F#4']
100.0	51	1	1.0	0.33	['C#3', 'G#4']
100.33	51	1.33	0.0625	0.17	['C#3', 'G#3', 'E#4', 'G#4']
100.5	51	1.5	0.25	0.17	['C#3', 'G#3', 'E#4', 'A#4']
100.67	51	1.67	0.0625	0.33	['C#3', 'F#4', 'A#4']
101.0	51	2	0.5	0.33	['F#2', 'B4']
101.33	51	2.33	0.0625	0.33	['F#2', 'A#3', 'E4', 'B4']
101.67	51	2.67	0.0625	0.08	['F#2', 'F#4', 'B4']
101.75	51	2.75	0.125	0.25	['F#2', 'F#4', 'C#5']
102.0	52	1	1.0	0.33	['B2', 'D5']
102.33	52	1.33	0.0625	0.33	['B2', 'F#3', 'D5']
102.67	52	1.67	0.0625	0.33	['B2', 'D4', 'D5']
103.0	52	2	0.5	0.33	['B2', 'B3', 'B4']
103.33	52	2.33	0.0625	0.17	['B2', 'F#4', 'B4']
103.5	52	2.5	0.25	0.17	['F#4']
103.67	52	2.67	0.0625	0.33	['D4']
104.0	53	1	1.0	0.33	['G#2', 'F#5']
104.33	53	1.33	0.0625	0.33	['G#2', 'F#3', 'F#5']
104.67	53	1.67	0.0625	0.33	['G#2', 'D4', 'F#5']
105.0	53	2	0.5	0.33	['G#2', 'B3', 'F#5']
105.33	53	2.33	0.0625	0.33	['G#2', 'F#4', 'F#5']
105.67	53	2.67	0.0625	0.33	['G#2', 'D4', 'F#5']
106.0	54	1	1.0	0.33	['A2', 'F#5']
106.33	54	1.33	0.0625	0.33	['A2', 'F#3', 'F#5']
106.67	54	1.67	0.0625	0.33	['A2', 'C#4', 'F#4', 'F#5']
107.0	54	2	0.5	0.33	['B2', 'E5']
107.33	54	2.33	0.0625	0.17	['B2', 'F#3', 'E5']
107.5	54	2.5	0.25	0.17	['B2', 'F#3', 'D5']
107.67	54	2.67	0.0625	0.33	['B2', 'G#3', 'D4', 'D5']
108.0	55	1	1.0	0.33	['C#3', 'C#5']
108.33	55	1.33	0.0625	0.17	['C#3', 'F#3', 'C#5']
108.5	55	1.5	0.25	0.17	['C#3', 'F#3', 'F#4']
108.67	55	1.67	0.0625	0.33	['C#3', 'A3', 'C#4', 'F#4']
109.0	55	2	0.5	0.33	['C#2', 'A4']
109.33	55	2.33	0.0625	0.33	['C#2', 'B3', 'A4']
109.67	55	2.67	0.0625	0.08	['C#2', 'C#4', 'E#4', 'A4']
109.75	55	2.75	0.125	0.25	['C#2', 'C#4', 'E#4', 'G#4']
110.0	56	1	1.0	0.33	['F#2', 'F#4']
110.33	56	1.33	0.0625	0.33	['F#2', 'A3', 'F#4']
110.67	56	1.67	0.0625	0.33	['F#2', 'C#4', 'F#4']
111.0	56	2	0.5	0.33	['F#4']
111.33	56	2.33	0.0625	0.17	['B3', 'F#4']
111.5	56	2.5	0.25	0.17	['B3']
111.67	56	2.67	0.0625	0.33	['A3']
112.0	57	1	1.0	0.33	['F#2', 'F#3', 'D5']
112.33	57	1.33	0.0625	0.33	['F#2', 'B3', 'D5']
112.67	57	1.67	0.0625	0.33	['F#2', 'G#3', 'D5']
113.0	57	2	0.5	0.33	['F#4', 'E5']
113.33	57	2.33	0.0625	0.17	['B3', 'E5']
113.5	57	2.5	0.25	0.17	['B3', 'D5']
113.67	57	2.67	0.0625	0.33	['G#3', 'D5']
114.0	58	1	1.0	0.33	['F#2', 'F#3', 'C#5']
114.33	58	1.33	0.0625	0.33	['F#2', 'C#4', 'C#5']
114.67	58	1.67	0.0625	0.33	['F#2', 'A3', 'C#5']
115.0	58	2	0.5	0.33	['F#4']
115.33	58	2.33	0.0625	0.17	['B3', 'F#4']
115.5	58	2.5	0.25	0.17	['B3']
115.67	58	2.67	0.0625	0.33	['A3']
116.0	59	1	1.0	0.33	['F#2', 'F#3', 'F#5']
116.33	59	1.33	0.0625	0.33	['F#2', 'D4', 'F#5']
116.67	59	1.67	0.0625	0.33	['F#2', 'G#3', 'F#5']
117.0	59	2	0.5	0.33	['F#4', 'E5']
117.33	59	2.33	0.0625	0.33	['D4', 'E5']
117.67	59	2.67	0.0625	0.08	['G#3', 'E5']
117.75	59	2.75	0.125	0.25	['G#3', 'D5']
118.0	60	1	1.0	0.33	['F#2', 'F#3', 'D5']
118.33	60	1.33	0.0625	0.33	['F#2', 'C#4', 'D5']
118.67	60	1.67	0.0625	0.33	['F#2', 'A3', 'D5']
119.0	60	2	0.5	0.33	['F#4', 'C#5']
119.33	60	2.33	0.0625	0.17	['B3', 'C#5']
119.5	60	2.5	0.25	0.17	['B3']
119.67	60	2.67	0.0625	0.33	['A3']
120.0	61	1	1.0	0.33	['F#2', 'C#5']
120.33	61	1.33	0.0625	0.33	['F#2', 'A3', 'C#5']
120.67	61	1.67	0.0625	0.33	['F#2', 'C#4', 'C#5']
121.0	61	2	0.5	0.33	['F#2', 'D#4', 'A4', 'D#5']
121.33	61	2.33	0.0625	0.33	['F#2', 'B3', 'D#5']
121.67	61	2.67	0.0625	0.33	['F#2', 'A3', 'D#5']
122.0	62	1	1.0	0.33	['G#2', 'E#5']
122.33	62	1.33	0.0625	0.33	['G#2', 'G#3', 'E#5']
122.67	62	1.67	0.0625	0.33	['G#2', 'C#4', 'E#5']
123.0	62	2	0.5	0.5	['E#4', 'G#4', 'D#5']
123.5	62	2.5	0.25	0.5	['E#4', 'G#4', 'E#5']
124.0	63	1	1.0	1.0	['G#2', 'G#3', 'B#3', 'F#4', 'G#4', 'F#5']
125.0	63	2	0.5	0.5	['F#5']
125.5	63	2.5	0.25	0.5	['B#4']
126.0	64	1	1.0	0.33	['C#2', 'C#3', 'C#4', 'C#5']
126.33	64	1.33	0.0625	0.33	['C#2', 'C#3', 'G#4', 'C#5']
126.67	64	1.67	0.0625	0.33	['C#2', 'C#3', 'E#4', 'C#5']
127.0	64	2	0.5	0.33	['C#5']
127.33	64	2.33	0.0625	0.17	['F#4', 'C#5']
127.5	64	2.5	0.25	0.17	['F#4']
127.67	64	2.67	0.0625	0.33	['E#4']
128.0	65	1	1.0	0.33	['B2', 'B3', 'C#4']
128.33	65	1.33	0.0625	0.17	['B2', 'B3', 'G4']
128.5	65	1.5	0.25	0.17	['G4', 'C#5']
128.67	65	1.67	0.0625	0.08	['E4', 'C#5']
128.75	65	1.75	0.125	0.25	['C#3', 'E4', 'C#5']
129.0	65	2	0.5	0.33	['C#3', 'C#5', 'D5']
129.33	65	2.33	0.0625	0.17	['C#3', 'F#4', 'D5']
129.5	65	2.5	0.25	0.17	['F#4', 'E5']
129.67	65	2.67	0.0625	0.33	['E4', 'E5']
130.0	66	1	1.0	0.33	['A#2', 'A#3', 'C#4', 'C#5']
130.33	66	1.33	0.0625	0.17	['A#2', 'A#3', 'F#4', 'C#5']
130.5	66	1.5	0.25	0.17	['F#4', 'C#5']
130.67	66	1.67	0.0625	0.08	['E4', 'C#5']
130.75	66	1.75	0.125	0.25	['C#3', 'E4', 'C#5']
131.0	66	2	0.5	0.33	['C#3', 'C#5']
131.33	66	2.33	0.0625	0.17	['C#3', 'F#4', 'C#5']
131.5	66	2.5	0.25	0.17	['F#4']
131.67	66	2.67	0.0625	0.33	['E4']
132.0	67	1	1.0	0.33	['G2', 'G3', 'C#4']
132.33	67	1.33	0.0625	0.17	['G2', 'G3', 'B4']
132.5	67	1.5	0.25	0.17	['B4', 'C#5']
132.67	67	1.67	0.0625	0.08	['E4', 'C#5']
132.75	67	1.75	0.125	0.25	['C#3', 'E4', 'C#5']
133.0	67	2	0.5	0.33	['C#3', 'C#5', 'D5']
133.33	67	2.33	0.0625	0.17	['C#3', 'B4', 'D5']
133.5	67	2.5	0.25	0.17	['B4', 'D5']
133.67	67	2.67	0.0625	0.08	['E4', 'D5']
133.75	67	2.75	0.125	0.25	['E4', 'E5']
134.0	68	1	1.0	0.33	['F#2', 'F#3', 'C#4', 'D5']
134.33	68	1.33	0.0625	0.17	['F#2', 'F#3', 'A#4', 'D5']
134.5	68	1.5	0.25	0.17	['A#4', 'D5']
134.67	68	1.67	0.0625	0.08	['E4', 'D5']
134.75	68	1.75	0.125	0.25	['C#3', 'E4', 'C#5']
135.0	68	2	0.5	0.33	['C#3', 'C#5']
135.33	68	2.33	0.0625	0.17	['C#3', 'B4', 'C#5']
135.5	68	2.5	0.25	0.17	['B4', 'C#5']
135.67	68	2.67	0.0625	0.33	['E4', 'C#5']
136.0	69	1	1.0	0.33	['E2', 'E3', 'C4']
136.33	69	1.33	0.0625	0.17	['E2', 'E3', 'A4']
136.5	69	1.5	0.25	0.17	['A4', 'F#5']
136.67	69	1.67	0.0625	0.08	['F#4', 'F#5']
136.75	69	1.75	0.125	0.25	['F#2', 'F#4', 'F#5']
137.0	69	2	0.5	0.33	['F#2', 'C5', 'F#5']
137.33	69	2.33	0.0625	0.17	['F#2', 'G4', 'F#5']
137.5	69	2.5	0.25	0.17	['G4', 'F#5']
137.67	69	2.67	0.0625	0.33	['F#4', 'F#5']
138.0	70	1	1.0	0.33	['D#2', 'D#3', 'B3', 'F#5']
138.33	70	1.33	0.0625	0.17	['D#2', 'D#3', 'A4', 'F#5']
138.5	70	1.5	0.25	0.17	['A4', 'F#5']
138.67	70	1.67	0.0625	0.08	['F#4', 'F#5']
138.75	70	1.75	0.125	0.25	['F#2', 'F#4', 'F#5']
139.0	70	2	0.5	0.33	['F#2', 'B4']
139.33	70	2.33	0.0625	0.17	['F#2', 'G4']
139.5	70	2.5	0.25	0.17	['G4', 'B4']
139.67	70	2.67	0.0625	0.33	['F#4', 'B4']
140.0	71	1	1.0	0.5	['B1', 'B2', 'D#4', 'A4', 'B4', 'C#5']
140.5	71	1.5	0.25	0.5	['D#5']
141.0	71	2	0.5	0.75	['E5']
141.75	71	2.75	0.125	0.25	['F#5']
142.0	72	1	1.0	0.33	['E2', 'B3', 'E4', 'G4', 'G5']
142.33	72	1.33	0.0625	0.33	['F#2', 'B3', 'E4', 'G4', 'G5']
142.67	72	1.67	0.0625	0.33	['B2', 'B3', 'E4', 'G4', 'G5']
143.0	72	2	0.5	0.33	['E3', 'E4', 'G5']
143.33	72	2.33	0.0625	0.17	['E3', 'F#4', 'G5']
143.5	72	2.5	0.25	0.17	['F#4', 'G5']
143.67	72	2.67	0.0625	0.33	['B4', 'G5']
144.0	73	1	1.0	0.33	['E5', 'G5']
144.33	73	1.33	0.0625	0.33	['F#5', 'G5']
144.67	73	1.67	0.0625	0.33	['G5', 'B5']
145.0	73	2	0.5	0.5	['E4', 'G4', 'B-4', 'D5', 'G5', 'B-5', 'D6']
145.5	73	2.5	0.25	0.5	['G5']
146.0	74	1	1.0	2.0	['B-4']
148.0	75	1	1.0	0.33	['A1', 'A2', 'A3', 'F#5']
148.33	75	1.33	0.0625	0.17	['A1', 'A2', 'G4', 'F#5']
148.5	75	1.5	0.25	0.17	['G4', 'F#5']
148.67	75	1.67	0.0625	0.33	['C#4', 'F#5']
149.0	75	2	0.5	0.33	['A2', 'C#3', 'G3', 'A4', 'F#5']
149.33	75	2.33	0.0625	0.17	['A2', 'C#3', 'G3', 'F#4', 'F#5']
149.5	75	2.5	0.25	0.17	['F#4', 'E5']
149.67	75	2.67	0.0625	0.33	['C#4', 'E5']
150.0	76	1	1.0	0.33	['A1', 'A2', 'A3', 'D5']
150.33	76	1.33	0.0625	0.17	['A1', 'A2', 'F#4', 'D5']
150.5	76	1.5	0.25	0.17	['F#4', 'D5']
150.67	76	1.67	0.0625	0.33	['D4', 'D5']
151.0	76	2	0.5	0.33	['A2', 'D3', 'F#3', 'A4', 'D5']
151.33	76	2.33	0.0625	0.17	['A2', 'D3', 'F#3', 'E4', 'D5']
151.5	76	2.5	0.25	0.17	['E4', 'F#4']
151.67	76	2.67	0.0625	0.33	['D4', 'F#4']
152.0	77	1	1.0	0.33	['A1', 'A2', 'A3', 'G4']
152.33	77	1.33	0.0625	0.17	['A1', 'A2', 'G4']
152.5	77	1.5	0.25	0.17	['G4']
152.67	77	1.67	0.0625	0.08	['C#4', 'G4']
152.75	77	1.75	0.125	0.25	['C#4', 'F#4']
153.0	77	2	0.5	0.33	['A2', 'E3', 'G3', 'G4', 'A4']
153.33	77	2.33	0.0625	0.17	['A2', 'E3', 'G3', 'F#4', 'G4']
153.5	77	2.5	0.25	0.17	['F#4', 'G4']
153.67	77	2.67	0.0625	0.08	['C#4', 'G4']
153.75	77	2.75	0.125	0.25	['C#4', 'A4']
154.0	78	1	1.0	0.33	['A1', 'A2', 'A3', 'F#4']
154.33	78	1.33	0.0625	0.17	['A1', 'A2', 'F#4']
154.5	78	1.5	0.25	0.17	['F#4']
154.67	78	1.67	0.0625	0.33	['D4', 'F#4']
155.0	78	2	0.5	0.25	['A2', 'D3', 'F#3', 'F#4', 'A4']
155.25	78	2.25	0.125	0.08	['A2', 'D3', 'F#3', 'A4']
155.33	78	2.33	0.0625	0.17	['A2', 'D3', 'F#3', 'E4']
155.5	78	2.5	0.25	0.17	['E4', 'A4']
155.67	78	2.67	0.0625	0.33	['D4', 'A4']
156.0	79	1	1.0	0.33	['A1', 'A2', 'A3', 'E5']
156.33	79	1.33	0.0625	0.17	['A1', 'A2', 'G4', 'E5']
156.5	79	1.5	0.25	0.17	['G4', 'E5']
156.67	79	1.67	0.0625	0.33	['C#4', 'E5']
157.0	79	2	0.5	0.33	['A2', 'E3', 'G3', 'A4']
157.33	79	2.33	0.0625	0.17	['A2', 'E3', 'G3', 'F#4']
157.5	79	2.5	0.25	0.17	['F#4', 'C#5']
157.67	79	2.67	0.0625	0.33	['C#4', 'C#5']
158.0	80	1	1.0	0.33	['A1', 'A2', 'A3', 'D5']
158.33	80	1.33	0.0625	0.17	['A1', 'A2', 'F#4', 'D5']
158.5	80	1.5	0.25	0.17	['F#4', 'D5']
158.67	80	1.67	0.0625	0.33	['D4', 'D5']
159.0	80	2	0.5	0.25	['A2', 'D3', 'F#3', 'A4', 'D5']
159.25	80	2.25	0.125	0.08	['A2', 'D3', 'F#3', 'A4']
159.33	80	2.33	0.0625	0.17	['A2', 'D3', 'F#3', 'E4']
159.5	80	2.5	0.25	0.17	['E4', 'A4']
159.67	80	2.67	0.0625	0.33	['D4', 'A4']
160.0	81	1	1.0	0.33	['A1', 'A2', 'B3', 'G#4']
160.33	81	1.33	0.0625	0.17	['A1', 'A2', 'F4', 'G#4']
160.5	81	1.5	0.25	0.17	['F4', 'G#4']
160.67	81	1.67	0.0625	0.33	['D4', 'G#4']
161.0	81	2	0.5	0.5	['A2', 'B2', 'D3', 'F3', 'G#4']
161.5	81	2.5	0.25	0.5	['F5']
162.0	82	1	1.0	0.33	['A2', 'C#4', 'G4', 'A4', 'E5']
162.33	82	1.33	0.0625	0.33	['C#3', 'A#4', 'E5']
162.67	82	1.67	0.0625	0.33	['G3', 'A#4', 'E5']
163.0	82	2	0.5	0.33	['A3', 'C#4', 'G4', 'A#4', 'E5']
163.33	82	2.33	0.0625	0.33	['F#3', 'A#4', 'E5']
163.67	82	2.67	0.0625	0.33	['C#3', 'B4', 'E5']
164.0	83	1	1.0	0.33	['A2', 'G4', 'B4', 'E5']
164.33	83	1.33	0.0625	0.33	['C#3', 'B#4', 'E5']
164.67	83	1.67	0.0625	0.33	['G3', 'B#4', 'E5']
165.0	83	2	0.5	0.33	['A3', 'G4', 'B#4', 'E5']
165.33	83	2.33	0.0625	0.17	['F#3', 'B#4', 'E5']
165.5	83	2.5	0.25	0.17	['F#3', 'B#4']
165.67	83	2.67	0.0625	0.33	['C#3', 'C#5']
166.0	84	1	1.0	0.33	['A2', 'G4', 'C#5']
166.33	84	1.33	0.0625	0.33	['C#3', 'E5']
166.67	84	1.67	0.0625	0.33	['G3', 'C#5']
167.0	84	2	0.5	0.5	['A3', 'A4', 'A5']
167.5	84	2.5	0.25	0.5	['A3', 'A4', 'A5']
168.0	85	1	1.0	0.33	['D3', 'F#4', 'D5']
168.33	85	1.33	0.0625	0.17	['A3', 'D5']
168.5	85	1.5	0.25	0.17	['A3', 'D5']
168.67	85	1.67	0.0625	0.33	['D4', 'A4']
169.0	85	2	0.5	0.33	['F#4', 'A4', 'F#5']
169.33	85	2.33	0.0625	0.17	['C#4', 'A4', 'C#5']
169.5	85	2.5	0.25	0.17	['C#4', 'C#5']
169.67	85	2.67	0.0625	0.33	['A3', 'A4']
170.0	86	1	1.0	0.33	['D3', 'F#4', 'F#5']
170.33	86	1.33	0.0625	0.17	['A3', 'D5', 'F#5']
170.5	86	1.5	0.25	0.17	['A3', 'D5']
170.67	86	1.67	0.0625	0.33	['D4', 'A4']
171.0	86	2	0.5	0.33	['F#4', 'D5', 'F#5']
171.33	86	2.33	0.0625	0.17	['C#4', 'C#5', 'D5']
171.5	86	2.5	0.25	0.17	['C#4', 'F#4', 'C#5']
171.67	86	2.67	0.0625	0.33	['A3', 'F#4', 'A4']
172.0	87	1	1.0	0.33	['D3', 'G4']
172.33	87	1.33	0.0625	0.17	['A3', 'G4', 'C#5']
172.5	87	1.5	0.25	0.17	['A3', 'A4', 'C#5']
172.67	87	1.67	0.0625	0.33	['C#4', 'A4']
173.0	87	2	0.5	0.33	['G4', 'A4', 'G5']
173.33	87	2.33	0.0625	0.33	['C#4', 'B4']
173.67	87	2.67	0.0625	0.33	['A3', 'A4', 'C#5']
174.0	88	1	1.0	0.33	['D3', 'F#4', 'D5']
174.33	88	1.33	0.0625	0.33	['A3', 'D5']
174.67	88	1.67	0.0625	0.33	['D4', 'A4', 'D5']
175.0	88	2	0.5	0.33	['F#4', 'D5', 'F#5']
175.33	88	2.33	0.0625	0.17	['C#4', 'C#5', 'D5']
175.5	88	2.5	0.25	0.17	['C#4', 'C#5']
175.67	88	2.67	0.0625	0.33	['A3', 'A4']
176.0	89	1	1.0	0.33	['C#3', 'E4', 'A4']
176.33	89	1.33	0.0625	0.33	['A3', 'A4', 'C#5']
176.67	89	1.67	0.0625	0.33	['C#4', 'A4']
177.0	89	2	0.5	0.33	['E4', 'B4', 'E5']
177.33	89	2.33	0.0625	0.17	['C#4', 'B4']
177.5	89	2.5	0.25	0.17	['C#4', 'B4', 'C#5']
177.67	89	2.67	0.0625	0.08	['A3', 'A4', 'C#5']
177.75	89	2.75	0.125	0.25	['A3', 'A4']
178.0	90	1	1.0	0.33	['B2', 'F#4', 'D5']
178.33	90	1.33	0.0625	0.33	['A3', 'D5']
178.67	90	1.67	0.0625	0.33	['D4', 'A4', 'D5']
179.0	90	2	0.5	0.2	['F#4', 'D5', 'F#5']
179.2	90	2.2	0.0625	0.13	['F#4', 'D5', 'E5', 'F#5']
179.33	90	2.33	0.0625	0.07	['D4', 'C#5', 'D5', 'E5']
179.4	90	2.4	0.0625	0.2	['D4', 'C#5', 'D5']
179.6	90	2.6	0.0625	0.07	['D4', 'C#5', 'D5']
179.67	90	2.67	0.0625	0.13	['A3', 'A4', 'C#5', 'D5']
179.8	90	2.8	0.0625	0.2	['A3', 'A4', 'D5']
180.0	91	1	1.0	0.33	['E3', 'G4', 'F#5']
180.33	91	1.33	0.0625	0.33	['B3', 'D5', 'F#5']
180.67	91	1.67	0.0625	0.33	['E4', 'B4', 'F#5']
181.0	91	2	0.5	0.33	['C#3', 'E5', 'G5']
181.33	91	2.33	0.0625	0.33	['B3', 'D5', 'E5']
181.67	91	2.67	0.0625	0.08	['E4', 'B4', 'E5']
181.75	91	2.75	0.125	0.25	['E4', 'B4']
182.0	92	1	1.0	0.33	['F#3', 'A#4', 'C#5']
182.33	92	1.33	0.0625	0.33	['A#3', 'C#5', 'F#5']
182.67	92	1.67	0.0625	0.33	['C#4', 'C#5']
183.0	92	2	0.5	0.33	['E3', 'C#5', 'G5']
183.33	92	2.33	0.0625	0.33	['A3', 'B4', 'C#5']
183.67	92	2.67	0.0625	0.33	['C#4', 'A4', 'C#5']
184.0	93	1	1.0	0.33	['D3', 'F#4', 'D5']
184.33	93	1.33	0.0625	0.33	['A3', 'D5']
184.67	93	1.67	0.0625	0.33	['D4', 'A4', 'D5']
185.0	93	2	0.5	0.33	['F#4', 'A4', 'F#5']
185.33	93	2.33	0.0625	0.33	['C#4', 'A4', 'C#5']
185.67	93	2.67	0.0625	0.33	['A3', 'A4']
186.0	94	1	1.0	0.33	['D3', 'F#4', 'F#5']
186.33	94	1.33	0.0625	0.33	['A3', 'D5', 'F#5']
186.67	94	1.67	0.0625	0.33	['D4', 'A4', 'F#5']
187.0	94	2	0.5	0.33	['F#4', 'D5', 'F#5']
187.33	94	2.33	0.0625	0.33	['C#4', 'C#5', 'D5']
187.67	94	2.67	0.0625	0.33	['A3', 'A4', 'D5']
188.0	95	1	1.0	0.33	['D3', 'G4', 'C#5']
188.33	95	1.33	0.0625	0.33	['A3', 'C#5']
188.67	95	1.67	0.0625	0.08	['C#4', 'A4', 'C#5']
188.75	95	1.75	0.125	0.25	['C#4', 'A4', 'B4']
189.0	95	2	0.5	0.33	['G4', 'C#5', 'G5']
189.33	95	2.33	0.0625	0.33	['C#4', 'B4', 'C#5']
189.67	95	2.67	0.0625	0.08	['A3', 'A4', 'C#5']
189.75	95	2.75	0.125	0.25	['A3', 'A4', 'E5']
190.0	96	1	1.0	0.33	['D3', 'F#4', 'D5']
190.33	96	1.33	0.0625	0.33	['A3', 'D5']
190.67	96	1.67	0.0625	0.33	['D4', 'A4', 'D5']
191.0	96	2	0.5	0.33	['F#4', 'A4', 'F#5']
191.33	96	2.33	0.0625	0.17	['C#4', 'A4', 'C#5']
191.5	96	2.5	0.25	0.17	['C#4', 'C#5']
191.67	96	2.67	0.0625	0.33	['A3', 'A4']
192.0	97	1	1.0	0.33	['D4', 'F#5']
192.33	97	1.33	0.0625	0.17	['D4', 'F#4', 'F#5']
192.5	97	1.5	0.25	0.17	['F#4', 'F#5']
192.67	97	1.67	0.0625	0.33	['A4', 'F#5']
193.0	97	2	0.5	0.33	['C#4', 'E5']
193.33	97	2.33	0.0625	0.17	['C#4', 'D4', 'E5']
193.5	97	2.5	0.25	0.17	['D4', 'E5']
193.67	97	2.67	0.0625	0.33	['A4', 'E5']
194.0	98	1	1.0	0.33	['F#3', 'A4']
194.33	98	1.33	0.0625	0.17	['F#3', 'C#4', 'A4']
194.5	98	1.5	0.25	0.17	['C#4', 'A4']
194.67	98	1.67	0.0625	0.33	['F#4', 'A4']
195.0	98	2	0.5	0.33	['B2', 'B4']
195.33	98	2.33	0.0625	0.17	['B2', 'D4', 'B4']
195.5	98	2.5	0.25	0.17	['D4', 'D5']
195.67	98	2.67	0.0625	0.33	['F#4', 'B4', 'D5']
196.0	99	1	1.0	0.33	['E3', 'C#5']
196.33	99	1.33	0.0625	0.17	['E3', 'D4', 'C#5']
196.5	99	1.5	0.25	0.17	['D4', 'C#5']
196.67	99	1.67	0.0625	0.33	['E4', 'G#4', 'C#5']
197.0	99	2	0.5	0.33	['E2', 'C#5']
197.33	99	2.33	0.0625	0.17	['E2', 'G#3', 'C#5']
197.5	99	2.5	0.25	0.17	['G#3', 'B4']
197.67	99	2.67	0.0625	0.33	['D4', 'E4', 'B4']
198.0	100	1	1.0	0.33	['A2', 'A4']
198.33	100	1.33	0.0625	0.33	['A2', 'A3', 'A4']
198.67	100	1.67	0.0625	0.33	['A2', 'C#4', 'E4', 'A4']
199.0	100	2	0.5	0.33	['A4']
199.33	100	2.33	0.0625	0.17	['C#4', 'E4', 'A4']
199.5	100	2.5	0.25	0.17	['C#4', 'E4']
199.67	100	2.67	0.0625	0.33	['A3']
200.0	101	1	1.0	0.33	['G3', 'B-3', 'B-4']
200.33	101	1.33	0.0625	0.33	['G3', 'F4', 'B-4']
200.67	101	1.67	0.0625	0.08	['G3', 'D4', 'B-4']
200.75	101	1.75	0.125	0.25	['G3', 'D4', 'A4']
201.0	101	2	0.5	0.33	['G3', 'B-4']
201.33	101	2.33	0.0625	0.17	['G3', 'F4', 'B-4']
201.5	101	2.5	0.25	0.17	['G3', 'F4', 'B-4']
201.67	101	2.67	0.0625	0.08	['G3', 'D4', 'B-4']
201.75	101	2.75	0.125	0.25	['G3', 'D4']
202.0	102	1	1.0	0.33	['C3', 'B-3', 'B-4']
202.33	102	1.33	0.0625	0.17	['C3', 'E4', 'B-4']
202.5	102	1.5	0.25	0.17	['C3', 'E4', 'C5']
202.67	102	1.67	0.0625	0.33	['C3', 'C4', 'C5']
203.0	102	2	0.5	0.33	['C3', 'B-4', 'D5']
203.33	102	2.33	0.0625	0.33	['C3', 'E4', 'D5']
203.67	102	2.67	0.0625	0.08	['C3', 'C4', 'D5']
203.75	102	2.75	0.125	0.25	['C3', 'C4', 'E5']
204.0	103	1	1.0	0.33	['F3', 'B-3', 'E5']
204.33	103	1.33	0.0625	0.33	['F3', 'E4', 'E5']
204.67	103	1.67	0.0625	0.33	['F3', 'C4', 'E5']
205.0	103	2	0.5	0.33	['F3', 'B-4', 'E5']
205.33	103	2.33	0.0625	0.17	['F3', 'E4', 'E5']
205.5	103	2.5	0.25	0.17	['F3', 'E4', 'F5']
205.67	103	2.67	0.0625	0.33	['F3', 'C4', 'F5']
206.0	104	1	1.0	0.33	['F2', 'A3', 'A4']
206.33	104	1.33	0.0625	0.33	['F2', 'F4', 'A4']
206.67	104	1.67	0.0625	0.33	['F2', 'C4', 'A4']
207.0	104	2	0.5	0.33	['F2', 'A4']
207.33	104	2.33	0.0625	0.17	['F2', 'F4', 'A4']
207.5	104	2.5	0.25	0.17	['F4', 'A4']
207.67	104	2.67	0.0625	0.33	['C4', 'A4']
208.0	105	1	1.0	0.33	['E3', 'G4']
208.33	105	1.33	0.0625	0.33	['E3', 'B-3', 'G4']
208.67	105	1.67	0.0625	0.33	['E3', 'C#4', 'G4']
209.0	105	2	0.5	0.33	['E3', 'F#4', 'G4']
209.33	105	2.33	0.0625	0.17	['E3', 'C#4', 'F#4']
209.5	105	2.5	0.25	0.17	['E3', 'C#4', 'G4']
209.67	105	2.67	0.0625	0.33	['E3', 'B-3', 'G4']
210.0	106	1	1.0	0.33	['D3', 'A4']
210.33	106	1.33	0.0625	0.17	['D3', 'B-3', 'A4']
210.5	106	1.5	0.25	0.17	['D3', 'B-3', 'A4']
210.67	106	1.67	0.0625	0.08	['D3', 'D4', 'A4']
210.75	106	1.75	0.125	0.25	['D3', 'D4']
211.0	106	2	0.5	0.33	['D3', 'G4', 'B-4']
211.33	106	2.33	0.0625	0.33	['D3', 'D4', 'C5']
211.67	106	2.67	0.0625	0.33	['D3', 'B-3', 'D5']
212.0	107	1	1.0	0.33	['C#3', 'E5']
212.33	107	1.33	0.0625	0.33	['C#3', 'A3', 'E5']
212.67	107	1.67	0.0625	0.33	['C#3', 'E4', 'G4', 'E5']
213.0	107	2	0.5	0.33	['C3', 'E5']
213.33	107	2.33	0.0625	0.33	['C3', 'A#3', 'E5']
213.67	107	2.67	0.0625	0.33	['C3', 'E4', 'G4', 'E5']
214.0	108	1	1.0	0.33	['B2', 'E5']
214.33	108	1.33	0.0625	0.33	['B2', 'B3', 'E5']
214.67	108	1.67	0.0625	0.33	['B2', 'E4', 'G4', 'E5']
215.0	108	2	0.5	0.33	['B-2', 'E5']
215.33	108	2.33	0.0625	0.33	['B-2', 'C4', 'E5']
215.67	108	2.67	0.0625	0.33	['B-2', 'E4', 'G4', 'E5']
216.0	109	1	1.0	0.33	['F#2', 'C#4', 'F#5']
216.33	109	1.33	0.0625	0.17	['F#2', 'G4', 'F#5']
216.5	109	1.5	0.25	0.17	['G4', 'F#5']
216.67	109	1.67	0.0625	0.33	['C#4', 'F#5']
217.0	109	2	0.5	0.33	['A2', 'C#3', 'G3', 'A4', 'F#5']
217.33	109	2.33	0.0625	0.17	['A2', 'C#3', 'G3', 'G4', 'F#5']
217.5	109	2.5	0.25	0.17	['G4', 'E5']
217.67	109	2.67	0.0625	0.33	['C#4', 'E5']
218.0	110	1	1.0	0.33	['A1', 'A2', 'A3', 'D5']
218.33	110	1.33	0.0625	0.17	['A1', 'A2', 'F#4', 'D5']
218.5	110	1.5	0.25	0.17	['F#4', 'D5']
218.67	110	1.67	0.0625	0.33	['D4', 'D5']
219.0	110	2	0.5	0.33	['A2', 'D3', 'F#3', 'A4', 'D5']
219.33	110	2.33	0.0625	0.17	['A2', 'D3', 'F#3', 'F#4', 'D5']
219.5	110	2.5	0.25	0.17	['F#4']
219.67	110	2.67	0.0625	0.33	['D4', 'F#4']
220.0	111	1	1.0	0.33	['A1', 'A2', 'A3', 'G4']
220.33	111	1.33	0.0625	0.17	['A1', 'A2', 'G4']
220.5	111	1.5	0.25	0.17	['G4']
220.67	111	1.67	0.0625	0.08	['C#4', 'G4']
220.75	111	1.75	0.125	0.25	['C#4', 'F#4']
221.0	111	2	0.5	0.33	['A2', 'E3', 'G3', 'G4', 'A4']
221.33	111	2.33	0.0625	0.17	['A2', 'E3', 'G3', 'G4']
221.5	111	2.5	0.25	0.17	['G4']
221.67	111	2.67	0.0625	0.08	['C#4', 'G4']
221.75	111	2.75	0.125	0.25	['C#4', 'A4']
222.0	112	1	1.0	0.33	['A1', 'A2', 'A3', 'F#4']
222.33	112	1.33	0.0625	0.17	['A1', 'A2', 'F#4']
222.5	112	1.5	0.25	0.17	['F#4']
222.67	112	1.67	0.0625	0.33	['D4', 'F#4']
223.0	112	2	0.5	0.25	['A2', 'D3', 'F#3', 'F#4', 'A4']
223.25	112	2.25	0.125	0.08	['A2', 'D3', 'F#3', 'A4']
223.33	112	2.33	0.0625	0.17	['A2', 'D3', 'F#3', 'F#4']
223.5	112	2.5	0.25	0.17	['F#4', 'A4']
223.67	112	2.67	0.0625	0.33	['D4', 'A4']
224.0	113	1	1.0	0.33	['A1', 'A2', 'A3', 'E5']
224.33	113	1.33	0.0625	0.17	['A1', 'A2', 'G4', 'E5']
224.5	113	1.5	0.25	0.17	['G4', 'E5']
224.67	113	1.67	0.0625	0.33	['C#4', 'E5']
225.0	113	2	0.5	0.33	['A2', 'E3', 'G3', 'A4']
225.33	113	2.33	0.0625	0.17	['A2', 'E3', 'G3', 'G4']
225.5	113	2.5	0.25	0.17	['G4', 'C#5']
225.67	113	2.67	0.0625	0.33	['C#4', 'C#5']
226.0	114	1	1.0	0.33	['A1', 'A2', 'A3', 'D5']
226.33	114	1.33	0.0625	0.17	['A1', 'A2', 'F#4', 'D5']
226.5	114	1.5	0.25	0.17	['F#4', 'D5']
226.67	114	1.67	0.0625	0.33	['D4', 'D5']
227.0	114	2	0.5	0.25	['A2', 'D3', 'F#3', 'A4', 'D5']
227.25	114	2.25	0.125	0.08	['A2', 'D3', 'F#3', 'A4']
227.33	114	2.33	0.0625	0.17	['A2', 'D3', 'F#3', 'F#4']
227.5	114	2.5	0.25	0.17	['F#4', 'A4']
227.67	114	2.67	0.0625	0.33	['D4', 'A4']
228.0	115	1	1.0	0.33	['G1', 'G2', 'B3', 'B4']
228.33	115	1.33	0.0625	0.17	['G1', 'G2', 'E4', 'B4']
228.5	115	1.5	0.25	0.17	['E4', 'C#5']
228.67	115	1.67	0.0625	0.33	['C#4', 'C#5']
229.0	115	2	0.5	0.5	['G2', 'C#3', 'G3', 'A4', 'D5']
229.5	115	2.5	0.25	0.5	['E5']
230.0	116	1	1.0	0.33	['F#1', 'C#4', 'F#4', 'A#4', 'F#5']
230.33	116	1.33	0.0625	0.33	['A#1', 'C#4', 'F#4', 'A#4', 'F#5']
230.67	116	1.67	0.0625	0.33	['C#2', 'C#4', 'F#4', 'A#4', 'F#5']
231.0	116	2	0.5	0.33	['F#2', 'F#3', 'F#5']
231.33	116	2.33	0.0625	0.33	['A#2', 'A#3', 'F#5']
231.67	116	2.67	0.0625	0.33	['C#3', 'C#4', 'F#5']
232.0	117	1	1.0	0.33	['F#3', 'F#4', 'F#5']
232.33	117	1.33	0.0625	0.33	['A#3', 'A#4', 'F#5']
232.67	117	1.67	0.0625	0.33	['C#4', 'C#5', 'F#5']
233.0	117	2	0.5	0.5	['F#4', 'F#5']
233.5	117	2.5	0.25	0.5	['F#4', 'F#5']
234.0	118	1	1.0	1.0	['E2', 'E3', 'G4', 'B-4', 'D5', 'E5', 'G5']
235.0	118	2	0.5	0.75	['E5']
235.75	118	2.75	0.125	0.25	['F#5']
236.0	119	1	1.0	0.5	['A1', 'A2', 'E4', 'G4', 'A4', 'C#5', 'G5']
236.5	119	1.5	0.25	0.5	['A1', 'A2', 'E4', 'G4', 'A4', 'C#5', 'F#5']
237.0	119	2	0.5	0.5	['F#5']
237.5	119	2.5	0.25	0.25	['F#5']
237.75	119	2.75	0.125	0.25	['E5']
238.0	120	1	1.0	0.33	['D2', 'D4', 'F#4', 'A4', 'D5']
238.33	120	1.33	0.0625	0.33	['A2', 'D4', 'F#4', 'A4', 'D5']
238.67	120	1.67	0.0625	0.08	['D3', 'D4', 'F#4', 'A4', 'D5']
238.75	120	1.75	0.125	0.25	['D3', 'D5', 'F#5']
239.0	120	2	0.5	0.33	['F#3', 'D5', 'F#5']
239.33	120	2.33	0.0625	0.33	['D3', 'D5', 'F#5']
239.67	120	2.67	0.0625	0.08	['A2', 'D5', 'F#5']
239.75	120	2.75	0.125	0.25	['A2', 'D5', 'A5']
240.0	121	1	1.0	0.33	['D2', 'D5', 'F#5', 'A5']
240.33	121	1.33	0.0625	0.33	['A2', 'D5', 'F#5', 'A5']
240.67	121	1.67	0.0625	0.08	['D3', 'D5', 'F#5', 'A5']
240.75	121	1.75	0.125	0.25	['D3', 'D5', 'F#5']
241.0	121	2	0.5	0.33	['F#3', 'F#5']
241.33	121	2.33	0.0625	0.33	['D3', 'D5']
241.67	121	2.67	0.0625	0.33	['A2', 'A4']
242.0	122	1	1.0	0.33	['D2', 'A4', 'D5', 'F#5']
242.33	122	1.33	0.0625	0.33	['A2', 'A4', 'D5', 'F#5']
242.67	122	1.67	0.0625	0.08	['D3', 'A4', 'D5', 'F#5']
242.75	122	1.75	0.125	0.25	['D3', 'D5']
243.0	122	2	0.5	0.33	['F#3', 'D5']
243.33	122	2.33	0.0625	0.33	['D3', 'A4']
243.67	122	2.67	0.0625	0.33	['A2', 'F#4']
244.0	123	1	1.0	0.33	['D2', 'F#4', 'A4', 'D5']
244.33	123	1.33	0.0625	0.33	['A2', 'F#4', 'A4', 'D5']
244.67	123	1.67	0.0625	0.08	['D3', 'F#4', 'A4', 'D5']
244.75	123	1.75	0.125	0.25	['D3', 'A4']
245.0	123	2	0.5	0.33	['F#3', 'A4']
245.33	123	2.33	0.0625	0.33	['D3', 'F#4']
245.67	123	2.67	0.0625	0.33	['A2', 'A4']
246.0	124	1	1.0	0.33	['D2', 'D4']
246.33	124	1.33	0.0625	0.17	['D2', 'F4']
246.5	124	1.5	0.25	0.17	['F4']
246.67	124	1.67	0.0625	0.33	['D4']
247.0	124	2	0.5	0.33	['A3']
247.33	124	2.33	0.0625	0.33	['F3']
247.67	124	2.67	0.0625	0.33	['A3']
248.0	125	1	1.0	0.33	['D4']
248.33	125	1.33	0.0625	0.33	['F4']
248.67	125	1.67	0.0625	0.33	['D4']
249.0	125	2	0.5	0.33	['A3']
249.33	125	2.33	0.0625	0.33	['F3']
249.67	125	2.67	0.0625	0.33	['A3']
250.0	126	1	1.0	0.33	['D3', 'D4']
250.33	126	1.33	0.0625	0.17	['D3', 'F4']
250.5	126	1.5	0.25	0.17	['D3', 'F4', 'A4']
250.67	126	1.67	0.0625	0.33	['D3', 'D4', 'A4']
251.0	126	2	0.5	0.33	['D3', 'A3', 'A4']
251.33	126	2.33	0.0625	0.17	['D3', 'F3', 'A4']
251.5	126	2.5	0.25	0.17	['D3', 'F3', 'G4']
251.67	126	2.67	0.0625	0.33	['D3', 'A3', 'G4']
252.0	127	1	1.0	0.33	['D3', 'D4', 'G4']
252.33	127	1.33	0.0625	0.17	['D3', 'F4', 'G4']
252.5	127	1.5	0.25	0.17	['D3', 'F4']
252.67	127	1.67	0.0625	0.33	['D3', 'D4', 'F4']
253.0	127	2	0.5	0.33	['D3', 'A3', 'G4']
253.33	127	2.33	0.0625	0.33	['D3', 'F3', 'G4']
253.67	127	2.67	0.0625	0.08	['D3', 'A3', 'G4']
253.75	127	2.75	0.125	0.25	['D3', 'A3', 'A4']
254.0	128	1	1.0	0.33	['G2', 'D4', 'A4']
254.33	128	1.33	0.0625	0.33	['G2', 'F4', 'A4']
254.67	128	1.67	0.0625	0.33	['G2', 'D4', 'A4']
255.0	128	2	0.5	0.33	['G2', 'A3', 'B-4']
255.33	128	2.33	0.0625	0.33	['G2', 'F3', 'B-4']
255.67	128	2.67	0.0625	0.33	['G2', 'A3', 'B-4']
256.0	129	1	1.0	0.33	['G2', 'D4']
256.33	129	1.33	0.0625	0.33	['G2', 'F4']
256.67	129	1.67	0.0625	0.33	['G2', 'D4']
257.0	129	2	0.5	0.33	['G2', 'G3', 'B4']
257.33	129	2.33	0.0625	0.17	['G2', 'F3', 'B4']
257.5	129	2.5	0.25	0.17	['G2', 'F3', 'B4']
257.67	129	2.67	0.0625	0.33	['G2', 'G3', 'B4']
258.0	130	1	1.0	0.33	['C3', 'C4', 'C5']
258.33	130	1.33	0.0625	0.33	['C3', 'F4', 'C5']
258.67	130	1.67	0.0625	0.33	['C3', 'C4', 'C5']
259.0	130	2	0.5	0.33	['C3', 'G3', 'C5']
259.33	130	2.33	0.0625	0.17	['C3', 'F3', 'C5']
259.5	130	2.5	0.25	0.17	['C3', 'F3']
259.67	130	2.67	0.0625	0.33	['C3', 'G3']
260.0	131	1	1.0	0.33	['C3', 'B-3', 'C#5']
260.33	131	1.33	0.0625	0.17	['C3', 'E4', 'C#5']
260.5	131	1.5	0.25	0.17	['C3', 'E4', 'D5']
260.67	131	1.67	0.0625	0.33	['C3', 'B-3', 'D5']
261.0	131	2	0.5	0.33	['C3', 'G3', 'G4']
261.33	131	2.33	0.0625	0.33	['C3', 'E3', 'G4']
261.67	131	2.67	0.0625	0.08	['C3', 'G3', 'G4']
261.75	131	2.75	0.125	0.25	['C3', 'G3', 'B-4']
262.0	132	1	1.0	0.33	['F2', 'A3', 'A4']
262.33	132	1.33	0.0625	0.33	['F2', 'C4', 'A4']
262.67	132	1.67	0.0625	0.33	['F2', 'F4', 'A4']
263.0	132	2	0.5	0.33	['F2', 'A4']
263.33	132	2.33	0.0625	0.33	['F2', 'F4', 'A4']
263.67	132	2.67	0.0625	0.33	['F2', 'C4', 'A4']
264.0	133	1	1.0	0.33	['F2', 'F3', 'A3', 'A4']
264.33	133	1.33	0.0625	0.33	['F2', 'F3', 'C4', 'A4']
264.67	133	1.67	0.0625	0.33	['F2', 'F3', 'F4', 'A4']
265.0	133	2	0.5	0.33	['F2', 'F3', 'A4']
265.33	133	2.33	0.0625	0.17	['F2', 'F3', 'F4']
265.5	133	2.5	0.25	0.17	['F2', 'E3', 'F4']
265.67	133	2.67	0.0625	0.33	['F2', 'E3', 'C4']
266.0	134	1	1.0	0.33	['F2', 'E3', 'B-3']
266.33	134	1.33	0.0625	0.33	['F2', 'E3', 'D-4']
266.67	134	1.67	0.0625	0.33	['F2', 'E3', 'G4']
267.0	134	2	0.5	0.33	['F2', 'D-3', 'B-4']
267.33	134	2.33	0.0625	0.33	['F2', 'D-3', 'G4']
267.67	134	2.67	0.0625	0.33	['F2', 'D-3', 'D-4']
268.0	135	1	1.0	0.33	['F2', 'B-2', 'B-3', 'E5']
268.33	135	1.33	0.0625	0.33	['F2', 'B-2', 'D-4', 'E5']
268.67	135	1.67	0.0625	0.33	['F2', 'B-2', 'G4', 'E5']
269.0	135	2	0.5	0.33	['F2', 'G2', 'B-4', 'E5']
269.33	135	2.33	0.0625	0.17	['F2', 'G2', 'G4', 'E5']
269.5	135	2.5	0.25	0.17	['F2', 'G2', 'G4', 'F5']
269.67	135	2.67	0.0625	0.33	['F2', 'G2', 'D-4', 'F5']
270.0	136	1	1.0	0.33	['F2', 'A2', 'A3', 'F5']
270.33	136	1.33	0.0625	0.33	['F2', 'A2', 'C4', 'F5']
270.67	136	1.67	0.0625	0.33	['F2', 'A2', 'F4', 'F5']
271.0	136	2	0.5	0.33	['F2', 'C3', 'A4', 'F5']
271.33	136	2.33	0.0625	0.33	['F2', 'C3', 'F4', 'F5']
271.67	136	2.67	0.0625	0.33	['F2', 'C3', 'C4', 'F5']
272.0	137	1	1.0	0.33	['F2', 'F3', 'A3', 'C5']
272.33	137	1.33	0.0625	0.33	['F2', 'F3', 'C4', 'C5']
272.67	137	1.67	0.0625	0.33	['F2', 'F3', 'F4', 'C5']
273.0	137	2	0.5	0.33	['F2', 'A3', 'A4']
273.33	137	2.33	0.0625	0.33	['F2', 'A3', 'F4']
273.67	137	2.67	0.0625	0.33	['F2', 'A3', 'C4']
274.0	138	1	1.0	0.33	['F2', 'B-3']
274.33	138	1.33	0.0625	0.33	['F2', 'B-3', 'D-4']
274.67	138	1.67	0.0625	0.33	['F2', 'B-3', 'G4']
275.0	138	2	0.5	0.33	['F2', 'G3', 'B-4', 'D-5']
275.33	138	2.33	0.0625	0.33	['F2', 'G3', 'G4', 'D-5']
275.67	138	2.67	0.0625	0.33	['F2', 'G3', 'D-4', 'D-5']
276.0	139	1	1.0	0.33	['F2', 'E3', 'B-3', 'C5']
276.33	139	1.33	0.0625	0.33	['F2', 'E3', 'D-4', 'C5']
276.67	139	1.67	0.0625	0.33	['F2', 'E3', 'G4', 'C5']
277.0	139	2	0.5	0.33	['F2', 'D-3', 'B-4', 'C5']
277.33	139	2.33	0.0625	0.17	['F2', 'D-3', 'G4', 'C5']
277.5	139	2.5	0.25	0.17	['F2', 'D-3', 'G4', 'B-4']
277.67	139	2.67	0.0625	0.33	['F2', 'D-3', 'D-4', 'B-4']
278.0	140	1	1.0	0.33	['F2', 'C3', 'B-3', 'B-4']
278.33	140	1.33	0.0625	0.33	['F2', 'C3', 'C4', 'B-4']
278.67	140	1.67	0.0625	0.33	['F2', 'C3', 'F4', 'B-4']
279.0	140	2	0.5	0.33	['F2', 'C3', 'A4']
279.33	140	2.33	0.0625	0.17	['F2', 'C3', 'F4', 'A4']
279.5	140	2.5	0.25	0.17	['F4', 'A4']
279.67	140	2.67	0.0625	0.33	['C4', 'A4']
280.0	141	1	1.0	0.33	['F2', 'F3', 'A3', 'C5']
280.33	141	1.33	0.0625	0.33	['F2', 'F3', 'E4', 'C5']
280.67	141	1.67	0.0625	0.33	['F2', 'F3', 'C4', 'C5']
281.0	141	2	0.5	0.33	['F2', 'F3', 'A4', 'C5']
281.33	141	2.33	0.0625	0.17	['F2', 'F3', 'E4', 'C5']
281.5	141	2.5	0.25	0.17	['F2', 'F3', 'E4', 'C5']
281.67	141	2.67	0.0625	0.33	['F2', 'F3', 'C4', 'C5']
282.0	142	1	1.0	0.33	['F#2', 'F#3', 'A3', 'B4']
282.33	142	1.33	0.0625	0.33	['F#2', 'F#3', 'D#4', 'B4']
282.67	142	1.67	0.0625	0.33	['F#2', 'F#3', 'B3', 'B4']
283.0	142	2	0.5	0.33	['F#2', 'B2', 'A4', 'B4']
283.33	142	2.33	0.0625	0.17	['F#2', 'B2', 'D#4', 'B4']
283.5	142	2.5	0.25	0.17	['F#2', 'B2', 'D#4', 'B4']
283.67	142	2.67	0.0625	0.33	['F#2', 'B2', 'B3', 'B4']
284.0	143	1	1.0	0.33	['F2', 'F3', 'A3', 'C5']
284.33	143	1.33	0.0625	0.33	['F2', 'F3', 'E4', 'C5']
284.67	143	1.67	0.0625	0.33	['F2', 'F3', 'C4', 'C5']
285.0	143	2	0.5	0.33	['F2', 'F3', 'A4', 'C5']
285.33	143	2.33	0.0625	0.17	['F2', 'F3', 'E4', 'C5']
285.5	143	2.5	0.25	0.17	['F2', 'F3', 'E4', 'C5']
285.67	143	2.67	0.0625	0.33	['F2', 'F3', 'C4', 'C5']
286.0	144	1	1.0	0.33	['F#2', 'F#3', 'A3', 'B4']
286.33	144	1.33	0.0625	0.33	['F#2', 'F#3', 'D#4', 'B4']
286.67	144	1.67	0.0625	0.33	['F#2', 'F#3', 'B3', 'B4']
287.0	144	2	0.5	0.33	['F#2', 'B2', 'A4']
287.33	144	2.33	0.0625	0.17	['F#2', 'B2', 'D#4']
287.5	144	2.5	0.25	0.17	['F#2', 'B2', 'D#4', 'B4']
287.67	144	2.67	0.0625	0.33	['F#2', 'B2', 'B3', 'B4']
288.0	145	1	1.0	0.33	['G2', 'G3', 'B3', 'D5']
288.33	145	1.33	0.0625	0.33	['G2', 'G3', 'E#4', 'D5']
288.67	145	1.67	0.0625	0.33	['G2', 'G3', 'D4', 'D5']
289.0	145	2	0.5	0.33	['G2', 'G3', 'B4', 'D5']
289.33	145	2.33	0.0625	0.33	['G2', 'G3', 'E#4', 'D5']
289.67	145	2.67	0.0625	0.33	['G2', 'G3', 'D4', 'D5']
290.0	146	1	1.0	0.33	['G#2', 'G#3', 'B3', 'C#5']
290.33	146	1.33	0.0625	0.33	['G#2', 'G#3', 'E#4', 'C#5']
290.67	146	1.67	0.0625	0.33	['G#2', 'G#3', 'C#4', 'C#5']
291.0	146	2	0.5	0.33	['G#2', 'C#3', 'G#4', 'B4']
291.33	146	2.33	0.0625	0.33	['G#2', 'C#3', 'E#4', 'G#4']
291.67	146	2.67	0.0625	0.08	['G#2', 'C#3', 'C#4', 'G#4']
291.75	146	2.75	0.125	0.25	['G#2', 'C#3', 'C#4', 'G#4']
292.0	147	1	1.0	0.33	['G2', 'G3', 'B3', 'D5']
292.33	147	1.33	0.0625	0.33	['G2', 'G3', 'E#4', 'D5']
292.67	147	1.67	0.0625	0.33	['G2', 'G3', 'D4', 'D5']
293.0	147	2	0.5	0.33	['G2', 'G3', 'B4', 'D5']
293.33	147	2.33	0.0625	0.17	['G2', 'G3', 'E#4', 'D5']
293.5	147	2.5	0.25	0.17	['G2', 'G3', 'E#4', 'D5']
293.67	147	2.67	0.0625	0.33	['G2', 'G3', 'D4', 'D5']
294.0	148	1	1.0	0.33	['G#2', 'G#3', 'B3', 'D5']
294.33	148	1.33	0.0625	0.33	['G#2', 'G#3', 'E#4', 'D5']
294.67	148	1.67	0.0625	0.33	['G#2', 'G#3', 'C#4', 'D5']
295.0	148	2	0.5	0.33	['G#2', 'C#3', 'B4', 'C#5']
295.33	148	2.33	0.0625	0.17	['G#2', 'C#3', 'E#4', 'C#5']
295.5	148	2.5	0.25	0.17	['G#2', 'C#3', 'E#4']
295.67	148	2.67	0.0625	0.33	['G#2', 'C#3', 'C#4']
296.0	149	1	1.0	0.33	['A2', 'A3', 'C#4', 'E5']
296.33	149	1.33	0.0625	0.33	['A2', 'A3', 'G4', 'E5']
296.67	149	1.67	0.0625	0.33	['A2', 'A3', 'E4', 'E5']
297.0	149	2	0.5	0.33	['A2', 'A3', 'C#5', 'E5']
297.33	149	2.33	0.0625	0.17	['A2', 'A3', 'G4', 'E5']
297.5	149	2.5	0.25	0.17	['A2', 'A3', 'G4', 'E5']
297.67	149	2.67	0.0625	0.33	['A2', 'A3', 'E4', 'E5']
298.0	150	1	1.0	0.33	['A#2', 'A#3', 'C#4', 'D#5']
298.33	150	1.33	0.0625	0.33	['A#2', 'A#3', 'F##4', 'D#5']
298.67	150	1.67	0.0625	0.33	['A#2', 'A#3', 'D#4', 'D#5']
299.0	150	2	0.5	0.33	['A#2', 'D#3', 'C#5', 'D#5']
299.33	150	2.33	0.0625	0.33	['A#2', 'D#3', 'F##4', 'D#5']
299.67	150	2.67	0.0625	0.33	['A#2', 'D#3', 'D#4', 'D#5']
300.0	151	1	1.0	0.33	['B2', 'B3', 'D#4', 'F#5']
300.33	151	1.33	0.0625	0.33	['B2', 'B3', 'A4', 'F#5']
300.67	151	1.67	0.0625	0.33	['B2', 'B3', 'F#4', 'F#5']
301.0	151	2	0.5	0.33	['B2', 'B3', 'D#5', 'F#5']
301.33	151	2.33	0.0625	0.17	['B2', 'B3', 'A4', 'F#5']
301.5	151	2.5	0.25	0.17	['B2', 'B3', 'A4', 'F#5']
301.67	151	2.67	0.0625	0.33	['B2', 'B3', 'F#4', 'F#5']
302.0	152	1	1.0	0.5	['C3', 'C4', 'E-4', 'F4', 'A4', 'E-5', 'F5']
302.5	152	1.5	0.25	0.5	['C3', 'F3', 'C4', 'E-4', 'F4', 'A4', 'F5']
303.0	152	2	0.5	0.5	['C3', 'F3', 'C4', 'E-4', 'F4', 'A4', 'F5']
303.5	152	2.5	0.25	0.5	['C3', 'F3', 'C4', 'E-4', 'F4', 'A4', 'F5']
304.0	153	1	1.0	0.5	['B2', 'F3', 'B3', 'E-4', 'F4', 'A4', 'F5']
304.5	153	1.5	0.25	0.5	['B2', 'F3', 'B3', 'E-4', 'F4', 'A4', 'F5']
305.0	153	2	0.5	0.5	['B2', 'F3', 'B3', 'E-4', 'F4', 'A-4', 'F5']
305.5	153	2.5	0.25	0.5	['B2', 'F3', 'B3', 'E-4', 'F4', 'A-4', 'F5']
306.0	154	1	1.0	0.5	['B2', 'F3', 'B3', 'D4', 'F4', 'G#4', 'F5']
306.5	154	1.5	0.25	0.5	['B2', 'B3', 'D4', 'F4', 'G#4', 'F5']
307.0	154	2	0.5	0.5	['B-2', 'B-3', 'D4', 'F4', 'G#4', 'F5']
307.5	154	2.5	0.25	0.5	['B-2', 'B-3', 'D4', 'F4', 'G#4', 'F5']
308.0	155	1	1.0	0.33	['A1', 'A2', 'A3', 'C#4', 'G4', 'A4', 'F#5']
308.33	155	1.33	0.0625	0.17	['A1', 'A2', 'G4', 'F#5']
308.5	155	1.5	0.25	0.17	['G4', 'F#5']
308.67	155	1.67	0.0625	0.33	['C#4', 'F#5']
309.0	155	2	0.5	0.33	['A2', 'C#3', 'G3', 'A4', 'F#5']
309.33	155	2.33	0.0625	0.17	['A2', 'C#3', 'G3', 'G4', 'F#5']
309.5	155	2.5	0.25	0.17	['G4', 'E5']
309.67	155	2.67	0.0625	0.33	['C#4', 'E5']
310.0	156	1	1.0	0.33	['A1', 'A2', 'A3', 'D5']
310.33	156	1.33	0.0625	0.17	['A1', 'A2', 'F#4', 'D5']
310.5	156	1.5	0.25	0.17	['F#4', 'D5']
310.67	156	1.67	0.0625	0.33	['D4', 'D5']
311.0	156	2	0.5	0.33	['A2', 'D3', 'F#3', 'A4', 'D5']
311.33	156	2.33	0.0625	0.17	['A2', 'D3', 'F#3', 'F#4', 'D5']
311.5	156	2.5	0.25	0.17	['F#4']
311.67	156	2.67	0.0625	0.33	['D4', 'F#4']
312.0	157	1	1.0	0.33	['A1', 'A2', 'A3', 'G4']
312.33	157	1.33	0.0625	0.17	['A1', 'A2', 'G4']
312.5	157	1.5	0.25	0.17	['G4']
312.67	157	1.67	0.0625	0.08	['C#4', 'G4']
312.75	157	1.75	0.125	0.25	['C#4', 'F#4']
313.0	157	2	0.5	0.33	['A2', 'E3', 'G3', 'G4', 'A4']
313.33	157	2.33	0.0625	0.17	['A2', 'E3', 'G3', 'G4']
313.5	157	2.5	0.25	0.17	['G4']
313.67	157	2.67	0.0625	0.08	['C#4', 'G4']
313.75	157	2.75	0.125	0.25	['C#4', 'A4']
314.0	158	1	1.0	0.33	['A1', 'A2', 'A3', 'F#4']
314.33	158	1.33	0.0625	0.17	['A1', 'A2', 'F#4']
314.5	158	1.5	0.25	0.17	['F#4']
314.67	158	1.67	0.0625	0.33	['D4', 'F#4']
315.0	158	2	0.5	0.25	['A2', 'D3', 'F#3', 'F#4', 'A4']
315.25	158	2.25	0.125	0.08	['A2', 'D3', 'F#3', 'A4']
315.33	158	2.33	0.0625	0.17	['A2', 'D3', 'F#3', 'F#4']
315.5	158	2.5	0.25	0.17	['F#4', 'A4']
315.67	158	2.67	0.0625	0.33	['D4', 'A4']
316.0	159	1	1.0	0.33	['A1', 'A2', 'A3', 'E5']
316.33	159	1.33	0.0625	0.17	['A1', 'A2', 'G4', 'E5']
316.5	159	1.5	0.25	0.17	['G4', 'E5']
316.67	159	1.67	0.0625	0.33	['C#4', 'E5']
317.0	159	2	0.5	0.33	['A2', 'E3', 'G3', 'A4']
317.33	159	2.33	0.0625	0.17	['A2', 'E3', 'G3', 'G4']
317.5	159	2.5	0.25	0.17	['G4', 'C#5']
317.67	159	2.67	0.0625	0.33	['C#4', 'C#5']
318.0	160	1	1.0	0.33	['A1', 'A2', 'A3', 'D5']
318.33	160	1.33	0.0625	0.17	['A1', 'A2', 'F#4', 'D5']
318.5	160	1.5	0.25	0.17	['F#4', 'D5']
318.67	160	1.67	0.0625	0.33	['D4', 'D5']
319.0	160	2	0.5	0.25	['A2', 'D3', 'F#3', 'A4', 'D5']
319.25	160	2.25	0.125	0.08	['A2', 'D3', 'F#3', 'A4']
319.33	160	2.33	0.0625	0.17	['A2', 'D3', 'F#3', 'F#4']
319.5	160	2.5	0.25	0.17	['F#4', 'A4']
319.67	160	2.67	0.0625	0.33	['D4', 'A4']
320.0	161	1	1.0	0.33	['G1', 'G2', 'B3', 'B4']
320.33	161	1.33	0.0625	0.17	['G1', 'G2', 'E4', 'B4']
320.5	161	1.5	0.25	0.17	['E4', 'C#5']
320.67	161	1.67	0.0625	0.33	['C#4', 'C#5']
321.0	161	2	0.5	0.5	['G2', 'C#3', 'G3', 'E4', 'B4', 'D5']
321.5	161	2.5	0.25	0.5	['E5']
322.0	162	1	1.0	0.33	['F#1', 'C#4', 'F#4', 'A#4', 'F#5']
322.33	162	1.33	0.0625	0.33	['A#1', 'C#4', 'F#4', 'A#4', 'F#5']
322.67	162	1.67	0.0625	0.33	['C#2', 'C#4', 'F#4', 'A#4', 'F#5']
323.0	162	2	0.5	0.33	['F#2', 'F#3', 'F#5']
323.33	162	2.33	0.0625	0.33	['A#2', 'A#3', 'F#5']
323.67	162	2.67	0.0625	0.33	['C#3', 'C#4', 'F#5']
324.0	163	1	1.0	0.33	['F#3', 'F#4', 'F#5']
324.33	163	1.33	0.0625	0.33	['A#3', 'A#4', 'F#5']
324.67	163	1.67	0.0625	0.33	['C#4', 'C#5', 'F#5']
325.0	163	2	0.5	0.33	['F#4', 'F#5']
325.33	163	2.33	0.0625	0.33	['A#4', 'F#5', 'A#5']
325.67	163	2.67	0.0625	0.33	['C#5', 'F#5', 'C#6']
326.0	164	1	1.0	0.5	['F#5', 'F#6']
326.5	164	1.5	0.25	0.5	['F#5']
327.0	164	2	0.5	0.5	['F#5']
327.5	164	2.5	0.25	0.25	['F#5']
327.75	164	2.75	0.125	0.25	['F#5']
328.0	165	1	1.0	1.0	['E3', 'G3', 'B-3', 'D4', 'G4', 'B-4', 'G5']
329.0	165	2	0.5	0.75	['E3', 'G3', 'B-3', 'D4', 'G4', 'B-4', 'F#5']
329.75	165	2.75	0.125	0.25	['E3', 'G3', 'B-3', 'D4', 'G4', 'B-4', 'E5']
330.0	166	1	1.0	0.5	['E3', 'G3', 'B-3', 'D4', 'G4', 'B-4']
330.5	166	1.5	0.25	0.5	['B-4']
331.0	166	2	0.5	1.0	['E3', 'G3', 'B-3', 'D4', 'G4', 'B-4']
332.0	167	1	1.0	1.0	['A2', 'D3', 'F#3', 'A3', 'D4', 'F#4', 'A4', 'F#5']
333.0	167	2	0.5	0.75	['A2', 'D3', 'F#3', 'A3', 'D4', 'F#4', 'A4', 'E5']
333.75	167	2.75	0.125	0.25	['A2', 'D3', 'F#3', 'A3', 'D4', 'F#4', 'A4', 'D5']
334.0	168	1	1.0	0.5	['A2', 'D3', 'F#3', 'A3', 'D4', 'F#4', 'A4']
334.5	168	1.5	0.25	0.5	['F#4']
335.0	168	2	0.5	0.5	['A2', 'D3', 'F#3', 'A3', 'D4', 'F#4', 'A4']
335.5	168	2.5	0.25	0.5	['A2', 'D3', 'F#3', 'A3', 'D4', 'F#4', 'A4']
336.0	169	1	1.0	0.5	['A2', 'E3', 'G3', 'A3', 'C#4']
336.5	169	1.5	0.25	0.5	['A2', 'E3', 'G3', 'A3', 'C#4', 'A4']
337.0	169	2	0.5	0.25	['A2', 'E3', 'G3', 'A3', 'C#4', 'B-4']
337.25	169	2.25	0.125	0.25	['A2', 'E3', 'G3', 'A3', 'C#4']
337.5	169	2.5	0.25	0.5	['A2', 'E3', 'G3', 'A3', 'C#4', 'A4']
338.0	170	1	1.0	0.5	['A2', 'E3', 'G3', 'A3', 'C#4', 'C#5']
338.5	170	1.5	0.25	0.5	['B4']
339.0	170	2	0.5	0.5	['A4']
339.5	170	2.5	0.25	0.5	['G4']
340.0	171	1	1.0	0.25	['B2', 'F#3', 'A3', 'D#4', 'F#4']
340.25	171	1.25	0.125	0.25	['B2', 'F#3', 'A3', 'D#4']
340.5	171	1.5	0.25	0.5	['B2', 'F#3', 'A3', 'D#4', 'C5']
341.0	171	2	0.5	0.5	['B2', 'F#3', 'A3', 'D#4', 'B4']
341.5	171	2.5	0.25	0.5	['B2', 'F#3', 'A3', 'D#4', 'A4']
342.0	172	1	1.0	0.5	['B#2', 'A3', 'D#4', 'F#4', 'G#4']
342.5	172	1.5	0.25	0.5	['B#2', 'A3', 'D#4', 'F#4', 'A4']
343.0	172	2	0.5	0.75	['D#3', 'B#3', 'F#4', 'A4', 'B4']
343.75	172	2.75	0.125	0.25	['D#3', 'B#3', 'F#4', 'A4']
344.0	173	1	1.0	2.0	['E2', 'E3', 'C#4', 'E4', 'A4', 'C#5', 'F#5', 'A5']
346.0	174	1	1.0	0.25	['E2', 'E3', 'C#4', 'E4', 'A4', 'C#5', 'E5', 'A5']
346.25	174	1.25	0.125	0.25	['E2', 'E3', 'C#4', 'E4', 'A4', 'C#5']
346.5	174	1.5	0.25	0.5	['A4']
347.0	174	2	0.5	0.5	['B4']
347.5	174	2.5	0.25	0.5	['C#5']
348.0	175	1	1.0	1.0	['E3', 'A3', 'B3', 'D4', 'F4', 'D5']
349.0	175	2	0.5	0.75	['E5']
349.75	175	2.75	0.125	0.25	['F5']
350.0	176	1	1.0	1.0	['E2', 'D3', 'G#3', 'F#5']
351.0	176	2	0.5	0.5	['F#5']
351.5	176	2.5	0.25	0.5	['G#4']
352.0	177	1	1.0	0.5	['A1', 'A2', 'C#3', 'A3', 'A4']
352.5	177	1.5	0.25	0.5	['A1', 'A2', 'C#3', 'A3', 'A4']
353.0	177	2	0.5	0.5	['A3', 'A4']
353.5	177	2.5	0.25	0.5	['A3', 'A4']
354.0	178	1	1.0	0.5	['A3', 'A4']
354.5	178	1.5	0.25	0.5	['A3', 'A4']
355.0	178	2	0.5	0.5	['A3']
355.5	178	2.5	0.25	0.5	['A3', 'A4']
356.0	179	1	1.0	0.33	['G3', 'B-3', 'B-4']
356.33	179	1.33	0.0625	0.33	['G3', 'F4', 'B-4']
356.67	179	1.67	0.0625	0.33	['G3', 'D4', 'B-4']
357.0	179	2	0.5	0.33	['G3', 'B-4']
357.33	179	2.33	0.0625	0.17	['G3', 'F4']
357.5	179	2.5	0.25	0.17	['G3', 'F4', 'A4']
357.67	179	2.67	0.0625	0.33	['G3', 'D4', 'A4']
358.0	180	1	1.0	0.33	['C3', 'B-3', 'B-4']
358.33	180	1.33	0.0625	0.17	['C3', 'E4', 'B-4']
358.5	180	1.5	0.25	0.17	['C3', 'E4', 'C5']
358.67	180	1.67	0.0625	0.33	['C3', 'C4', 'C5']
359.0	180	2	0.5	0.33	['C3', 'B-4', 'D5']
359.33	180	2.33	0.0625	0.33	['C3', 'E4', 'D5']
359.67	180	2.67	0.0625	0.08	['C3', 'C4', 'D5']
359.75	180	2.75	0.125	0.25	['C3', 'C4', 'E5']
360.0	181	1	1.0	0.33	['F3', 'B-3', 'E5']
360.33	181	1.33	0.0625	0.33	['F3', 'E4', 'E5']
360.67	181	1.67	0.0625	0.33	['F3', 'C4', 'E5']
361.0	181	2	0.5	0.33	['F3', 'B-4', 'E5']
361.33	181	2.33	0.0625	0.17	['F3', 'E4', 'E5']
361.5	181	2.5	0.25	0.17	['F3', 'E4', 'F5']
361.67	181	2.67	0.0625	0.33	['F3', 'C4', 'F5']
362.0	182	1	1.0	0.33	['F2', 'A3', 'A4']
362.33	182	1.33	0.0625	0.33	['F2', 'F4', 'A4']
362.67	182	1.67	0.0625	0.33	['F2', 'C4', 'A4']
363.0	182	2	0.5	0.33	['F2', 'A4']
363.33	182	2.33	0.0625	0.17	['F2', 'F4']
363.5	182	2.5	0.25	0.17	['F4']
363.67	182	2.67	0.0625	0.33	['C4']
364.0	183	1	1.0	0.33	['E3', 'G4']
364.33	183	1.33	0.0625	0.33	['E3', 'B-3', 'G4']
364.67	183	1.67	0.0625	0.33	['E3', 'C#4', 'G4']
365.0	183	2	0.5	0.33	['E3', 'F#4', 'G4']
365.33	183	2.33	0.0625	0.17	['E3', 'C#4', 'F#4']
365.5	183	2.5	0.25	0.17	['E3', 'C#4', 'G4']
365.67	183	2.67	0.0625	0.33	['E3', 'B-3', 'G4']
366.0	184	1	1.0	0.33	['D3', 'A4']
366.33	184	1.33	0.0625	0.17	['D3', 'B-3', 'A4']
366.5	184	1.5	0.25	0.17	['D3', 'B-3', 'B-4']
366.67	184	1.67	0.0625	0.33	['D3', 'D4', 'B-4']
367.0	184	2	0.5	0.33	['D3', 'G4', 'B-4']
367.33	184	2.33	0.0625	0.33	['D3', 'D4', 'C5']
367.67	184	2.67	0.0625	0.33	['D3', 'B-3', 'D5']
368.0	185	1	1.0	0.33	['C#3', 'E5']
368.33	185	1.33	0.0625	0.33	['C#3', 'A3', 'E5']
368.67	185	1.67	0.0625	0.33	['C#3', 'E4', 'G4', 'E5']
369.0	185	2	0.5	0.33	['C3', 'E5']
369.33	185	2.33	0.0625	0.33	['C3', 'A#3', 'E5']
369.67	185	2.67	0.0625	0.33	['C3', 'E4', 'G4', 'E5']
370.0	186	1	1.0	0.33	['B2', 'E5']
370.33	186	1.33	0.0625	0.33	['B2', 'B3', 'E5']
370.67	186	1.67	0.0625	0.33	['B2', 'E4', 'G4', 'E5']
371.0	186	2	0.5	0.33	['B-2', 'E5']
371.33	186	2.33	0.0625	0.33	['B-2', 'C4', 'E5']
371.67	186	2.67	0.0625	0.33	['B-2', 'E4', 'G4', 'E5']
372.0	187	1	1.0	0.33	['A2', 'C#4', 'F#5']
372.33	187	1.33	0.0625	0.17	['A2', 'G4', 'F#5']
372.5	187	1.5	0.25	0.17	['G4', 'F#5']
372.67	187	1.67	0.0625	0.33	['C#4', 'F#5']
373.0	187	2	0.5	0.33	['A2', 'C#3', 'G3', 'A4', 'F#5']
373.33	187	2.33	0.0625	0.17	['A2', 'C#3', 'G3', 'G4', 'F#5']
373.5	187	2.5	0.25	0.17	['G4', 'E5']
373.67	187	2.67	0.0625	0.33	['C#4', 'E5']
374.0	188	1	1.0	0.33	['A1', 'A2', 'A3', 'D5']
374.33	188	1.33	0.0625	0.17	['A1', 'A2', 'F#4', 'D5']
374.5	188	1.5	0.25	0.17	['F#4', 'D5']
374.67	188	1.67	0.0625	0.33	['D4', 'D5']
375.0	188	2	0.5	0.33	['A2', 'D3', 'F#3', 'F#4', 'A4']
375.33	188	2.33	0.0625	0.17	['A2', 'D3', 'F#3', 'F#4']
375.5	188	2.5	0.25	0.17	['F#4']
375.67	188	2.67	0.0625	0.33	['D4', 'F#4']
376.0	189	1	1.0	0.33	['A1', 'A2', 'A3', 'G4']
376.33	189	1.33	0.0625	0.17	['A1', 'A2', 'G4']
376.5	189	1.5	0.25	0.17	['G4']
376.67	189	1.67	0.0625	0.08	['C#4', 'G4']
376.75	189	1.75	0.125	0.25	['C#4', 'F#4']
377.0	189	2	0.5	0.33	['A2', 'E3', 'G3', 'G4', 'A4']
377.33	189	2.33	0.0625	0.17	['A2', 'E3', 'G3', 'G4']
377.5	189	2.5	0.25	0.17	['G4']
377.67	189	2.67	0.0625	0.08	['C#4', 'G4']
377.75	189	2.75	0.125	0.25	['C#4', 'A4']
378.0	190	1	1.0	0.33	['A1', 'A2', 'A3', 'F#4']
378.33	190	1.33	0.0625	0.17	['A1', 'A2', 'F#4']
378.5	190	1.5	0.25	0.17	['F#4']
378.67	190	1.67	0.0625	0.33	['D4', 'F#4']
379.0	190	2	0.5	0.25	['A2', 'D3', 'F#3', 'F#4', 'A4']
379.25	190	2.25	0.125	0.08	['A2', 'D3', 'F#3', 'A4']
379.33	190	2.33	0.0625	0.17	['A2', 'D3', 'F#3', 'F#4']
379.5	190	2.5	0.25	0.17	['F#4', 'A4']
379.67	190	2.67	0.0625	0.33	['D4', 'A4']
380.0	191	1	1.0	0.33	['A1', 'A2', 'A3', 'E5']
380.33	191	1.33	0.0625	0.17	['A1', 'A2', 'G4', 'E5']
380.5	191	1.5	0.25	0.17	['G4', 'E5']
380.67	191	1.67	0.0625	0.33	['C#4', 'E5']
381.0	191	2	0.5	0.33	['A2', 'E3', 'G3', 'A4']
381.33	191	2.33	0.0625	0.17	['A2', 'E3', 'G3', 'G4']
381.5	191	2.5	0.25	0.17	['G4', 'C#5']
381.67	191	2.67	0.0625	0.33	['C#4', 'C#5']
382.0	192	1	1.0	0.33	['A1', 'A2', 'A3', 'D5']
382.33	192	1.33	0.0625	0.17	['A1', 'A2', 'F#4', 'D5']
382.5	192	1.5	0.25	0.17	['F#4', 'D5']
382.67	192	1.67	0.0625	0.33	['D4', 'D5']
383.0	192	2	0.5	0.25	['A2', 'D3', 'F#3', 'A4', 'D5']
383.25	192	2.25	0.125	0.08	['A2', 'D3', 'F#3', 'A4']
383.33	192	2.33	0.0625	0.17	['A2', 'D3', 'F#3', 'F#4']
383.5	192	2.5	0.25	0.17	['F#4', 'A4']
383.67	192	2.67	0.0625	0.33	['D4', 'A4']
384.0	193	1	1.0	0.33	['A1', 'A2', 'A3', 'B4']
384.33	193	1.33	0.0625	0.17	['A1', 'A2', 'G4', 'B4']
384.5	193	1.5	0.25	0.17	['G4', 'C#5']
384.67	193	1.67	0.0625	0.33	['E4', 'C#5']
385.0	193	2	0.5	0.5	['A2', 'C#3', 'G3', 'A4', 'D5']
385.5	193	2.5	0.25	0.5	['E5']
386.0	194	1	1.0	0.33	['G#2', 'D3', 'F3', 'B3', 'F5']
386.33	194	1.33	0.0625	0.33	['G#2', 'D3', 'F3', 'D4', 'F5']
386.67	194	1.67	0.0625	0.33	['G#2', 'D3', 'F3', 'F4', 'F5']
387.0	194	2	0.5	0.33	['G#2', 'D3', 'F3', 'B4', 'F5']
387.33	194	2.33	0.0625	0.33	['G#2', 'D3', 'F3', 'D5', 'F5']
387.67	194	2.67	0.0625	0.33	['G#2', 'D3', 'F3', 'F5']
388.0	195	1	1.0	0.33	['G#3', 'D4', 'F4', 'F5', 'B5']
388.33	195	1.33	0.0625	0.33	['G#3', 'D4', 'F4', 'F5']
388.67	195	1.67	0.0625	0.33	['G#3', 'D4', 'F4', 'D5', 'F5']
389.0	195	2	0.5	0.33	['G#3', 'D4', 'F4', 'B4']
389.33	195	2.33	0.0625	0.17	['G#3', 'D4', 'F4']
389.5	195	2.5	0.25	0.17	['G#3', 'D4', 'F4', 'D5']
389.67	195	2.67	0.0625	0.33	['G#3', 'D4', 'F4', 'D5']
390.0	196	1	1.0	0.33	['G#2', 'D3', 'F3', 'B3', 'F5']
390.33	196	1.33	0.0625	0.33	['G#2', 'D3', 'F3', 'D4', 'F5']
390.67	196	1.67	0.0625	0.33	['G#2', 'D3', 'F3', 'F4', 'F5']
391.0	196	2	0.5	0.33	['G#2', 'D3', 'F3', 'B4']
391.33	196	2.33	0.0625	0.17	['G#2', 'D3', 'F3', 'D5']
391.5	196	2.5	0.25	0.17	['G#2', 'D3', 'F3', 'D5']
391.67	196	2.67	0.0625	0.33	['G#2', 'D3', 'F3', 'D5', 'F5']
392.0	197	1	1.0	0.33	['G#3', 'D4', 'F4', 'F5', 'B5']
392.33	197	1.33	0.0625	0.33	['G#3', 'D4', 'F4', 'F5']
392.67	197	1.67	0.0625	0.33	['G#3', 'D4', 'F4', 'D5', 'F5']
393.0	197	2	0.5	0.33	['G#3', 'D4', 'F4', 'B4']
393.33	197	2.33	0.0625	0.17	['G#3', 'D4', 'F4', 'D5']
393.5	197	2.5	0.25	0.17	['G#3', 'D4', 'F4', 'D5']
393.67	197	2.67	0.0625	0.33	['G#3', 'D4', 'F4', 'D5', 'F5']
394.0	198	1	1.0	0.33	['G#3', 'D4', 'F4', 'F5', 'B5']
394.33	198	1.33	0.0625	0.33	['G#3', 'D4', 'F4', 'F5']
394.67	198	1.67	0.0625	0.33	['G#3', 'D4', 'F4', 'D5', 'F5']
395.0	198	2	0.5	0.33	['G#3', 'D4', 'F4', 'B4', 'F5']
395.33	198	2.33	0.0625	0.33	['G#3', 'D4', 'F4', 'D5', 'F5']
395.67	198	2.67	0.0625	0.33	['G#3', 'D4', 'F4', 'F5']
396.0	199	1	1.0	0.5	['G#3', 'D4', 'F4', 'F5', 'B5']
396.5	199	1.5	0.25	1.0	['G#3', 'D4', 'F4', 'F5', 'B5']
397.5	199	2.5	0.25	0.5	['D5']
398.0	200	1	1.0	1.0	['A2', 'A3', 'D5', 'E5', 'G5', 'A5']
399.0	200	2	0.5	1.0	['E5', 'A5']
400.0	201	1	1.0	1.0	['A1', 'A2', 'E4', 'G4', 'A4', 'C#5', 'E5', 'A5']
401.0	201	2	0.5	0.5	['E5', 'A5']
401.5	201	2.5	0.25	0.5	['C#5', 'F#5']
402.0	202	1	1.0	0.33	['D2', 'D4', 'F#4', 'A4', 'D5']
402.33	202	1.33	0.0625	0.33	['A2', 'D4', 'F#4', 'A4', 'D5']
402.67	202	1.67	0.0625	0.08	['D3', 'D4', 'F#4', 'A4', 'D5']
402.75	202	1.75	0.125	0.25	['D3', 'D5', 'F#5']
403.0	202	2	0.5	0.33	['F#3', 'D5', 'F#5']
403.33	202	2.33	0.0625	0.33	['D3', 'D5', 'F#5']
403.67	202	2.67	0.0625	0.08	['A2', 'D5', 'F#5']
403.75	202	2.75	0.125	0.25	['A2', 'D5', 'A5']
404.0	203	1	1.0	0.33	['D2', 'D5', 'F#5', 'A5']
404.33	203	1.33	0.0625	0.33	['A2', 'D5', 'F#5', 'A5']
404.67	203	1.67	0.0625	0.08	['D3', 'D5', 'F#5', 'A5']
404.75	203	1.75	0.125	0.25	['D3', 'D5', 'F#5']
405.0	203	2	0.5	0.33	['F#3', 'F#5']
405.33	203	2.33	0.0625	0.33	['D3', 'D5']
405.67	203	2.67	0.0625	0.33	['A2', 'A4']
406.0	204	1	1.0	0.33	['D2', 'A4', 'D5', 'F#5']
406.33	204	1.33	0.0625	0.33	['A2', 'A4', 'D5', 'F#5']
406.67	204	1.67	0.0625	0.08	['D3', 'A4', 'D5', 'F#5']
406.75	204	1.75	0.125	0.25	['D3', 'D5']
407.0	204	2	0.5	0.33	['F#3', 'D5']
407.33	204	2.33	0.0625	0.33	['D3', 'A4']
407.67	204	2.67	0.0625	0.33	['A2', 'F#4']
408.0	205	1	1.0	0.33	['D2', 'F#4', 'A4', 'D5']
408.33	205	1.33	0.0625	0.33	['A2', 'F#4', 'A4', 'D5']
408.67	205	1.67	0.0625	0.08	['D3', 'F#4', 'A4', 'D5']
408.75	205	1.75	0.125	0.25	['D3', 'A4']
409.0	205	2	0.5	0.33	['F#3', 'A4']
409.33	205	2.33	0.0625	0.33	['D3', 'F#4']
409.67	205	2.67	0.0625	0.33	['A2', 'A4']
410.0	206	1	1.0	0.33	['D2', 'D4']
410.33	206	1.33	0.0625	0.17	['A2', 'D4']
410.5	206	1.5	0.25	0.17	['A2']
410.67	206	1.67	0.0625	0.33	['D3']
411.0	206	2	0.5	0.5	['F#3', 'B3', 'D4', 'F#4']
411.5	206	2.5	0.25	0.5	['A3']
412.0	207	1	1.0	0.33	['D2']
412.33	207	1.33	0.0625	0.33	['A2']
412.67	207	1.67	0.0625	0.33	['D3']
413.0	207	2	0.5	0.5	['F#3', 'B3', 'D4', 'F#4']
413.5	207	2.5	0.25	0.5	['A3']
414.0	208	1	1.0	0.33	['D2']
414.33	208	1.33	0.0625	0.33	['A2']
414.67	208	1.67	0.0625	0.33	['D3']
415.0	208	2	0.5	0.5	['G3', 'A3', 'D4']
415.5	208	2.5	0.25	0.5	['F#3']
416.0	209	1	1.0	0.33	['D2']
416.33	209	1.33	0.0625	0.33	['A2']
416.67	209	1.67	0.0625	0.33	['D3']
417.0	209	2	0.5	0.5	['E3', 'F#3', 'A3']
417.5	209	2.5	0.25	0.5	['D3']
418.0	210	1	1.0	0.5	['D2']
418.5	210	1.5	0.25	1.5	['D2']
