id,performer,title,track_file,duration,jams_path
schubert-winterreise-audio_0,"Hanns-Udo Muller, Gerhard Husch",Gute Nacht,Schubert_D911-01_HU33,244.46,../../partitions/schubert-winterreise/choco/audio/jams/schubert-winterreise-audio_0.jams
schubert-winterreise-audio_1,"Hanns-Udo Muller, Gerhard Husch",Die Wetterfahne,Schubert_D911-02_HU33,101.15,../../partitions/schubert-winterreise/choco/audio/jams/schubert-winterreise-audio_1.jams
schubert-winterreise-audio_2,"Hanns-Udo Muller, Gerhard Husch",Gefrorne Tränen,Schubert_D911-03_HU33,150.33,../../partitions/schubert-winterreise/choco/audio/jams/schubert-winterreise-audio_2.jams
schubert-winterreise-audio_3,"Hanns-Udo Muller, Gerhard Husch",Erstarrung,Schubert_D911-04_HU33,178.61,../../partitions/schubert-winterreise/choco/audio/jams/schubert-winterreise-audio_3.jams
schubert-winterreise-audio_4,"Hanns-Udo Muller, Gerhard Husch",Der Lindenbaum,Schubert_D911-05_HU33,274.41,../../partitions/schubert-winterreise/choco/audio/jams/schubert-winterreise-audio_4.jams
schubert-winterreise-audio_5,"Hanns-Udo Muller, Gerhard Husch",Wasserflut,Schubert_D911-06_HU33,259.6,../../partitions/schubert-winterreise/choco/audio/jams/schubert-winterreise-audio_5.jams
schubert-winterreise-audio_6,"Hanns-Udo Muller, Gerhard Husch",Auf dem Flusse,Schubert_D911-07_HU33,187.34,../../partitions/schubert-winterreise/choco/audio/jams/schubert-winterreise-audio_6.jams
schubert-winterreise-audio_7,"Hanns-Udo Muller, Gerhard Husch",Rückblick,Schubert_D911-08_HU33,123.39,../../partitions/schubert-winterreise/choco/audio/jams/schubert-winterreise-audio_7.jams
schubert-winterreise-audio_8,"Hanns-Udo Muller, Gerhard Husch",Irrlicht,Schubert_D911-09_HU33,132.59,../../partitions/schubert-winterreise/choco/audio/jams/schubert-winterreise-audio_8.jams
schubert-winterreise-audio_9,"Hanns-Udo Muller, Gerhard Husch",Rast,Schubert_D911-10_HU33,195.65,../../partitions/schubert-winterreise/choco/audio/jams/schubert-winterreise-audio_9.jams
schubert-winterreise-audio_10,"Hanns-Udo Muller, Gerhard Husch",Frühlingstraum,Schubert_D911-11_HU33,254.58,../../partitions/schubert-winterreise/choco/audio/jams/schubert-winterreise-audio_10.jams
schubert-winterreise-audio_11,"Hanns-Udo Muller, Gerhard Husch",Einsamkeit,Schubert_D911-12_HU33,158.34,../../partitions/schubert-winterreise/choco/audio/jams/schubert-winterreise-audio_11.jams
schubert-winterreise-audio_12,"Hanns-Udo Muller, Gerhard Husch",Die Post,Schubert_D911-13_HU33,107.46,../../partitions/schubert-winterreise/choco/audio/jams/schubert-winterreise-audio_12.jams
schubert-winterreise-audio_13,"Hanns-Udo Muller, Gerhard Husch",Der greise Kopf,Schubert_D911-14_HU33,183.21,../../partitions/schubert-winterreise/choco/audio/jams/schubert-winterreise-audio_13.jams
schubert-winterreise-audio_14,"Hanns-Udo Muller, Gerhard Husch",Die Krähe,Schubert_D911-15_HU33,124.27,../../partitions/schubert-winterreise/choco/audio/jams/schubert-winterreise-audio_14.jams
schubert-winterreise-audio_15,"Hanns-Udo Muller, Gerhard Husch",Letzte Hoffnung,Schubert_D911-16_HU33,138.48,../../partitions/schubert-winterreise/choco/audio/jams/schubert-winterreise-audio_15.jams
schubert-winterreise-audio_16,"Hanns-Udo Muller, Gerhard Husch",Im Dorfe,Schubert_D911-17_HU33,197.74,../../partitions/schubert-winterreise/choco/audio/jams/schubert-winterreise-audio_16.jams
schubert-winterreise-audio_17,"Hanns-Udo Muller, Gerhard Husch",Der stürmische Morgen,Schubert_D911-18_HU33,47.65,../../partitions/schubert-winterreise/choco/audio/jams/schubert-winterreise-audio_17.jams
schubert-winterreise-audio_18,"Hanns-Udo Muller, Gerhard Husch",Täuschung,Schubert_D911-19_HU33,70.91,../../partitions/schubert-winterreise/choco/audio/jams/schubert-winterreise-audio_18.jams
schubert-winterreise-audio_19,"Hanns-Udo Muller, Gerhard Husch",Der Wegweiser,Schubert_D911-20_HU33,242.74,../../partitions/schubert-winterreise/choco/audio/jams/schubert-winterreise-audio_19.jams
schubert-winterreise-audio_20,"Hanns-Udo Muller, Gerhard Husch",Das Wirtshaus,Schubert_D911-21_HU33,221.19,../../partitions/schubert-winterreise/choco/audio/jams/schubert-winterreise-audio_20.jams
schubert-winterreise-audio_21,"Hanns-Udo Muller, Gerhard Husch",Muth,Schubert_D911-22_HU33,79.69,../../partitions/schubert-winterreise/choco/audio/jams/schubert-winterreise-audio_21.jams
schubert-winterreise-audio_22,"Hanns-Udo Muller, Gerhard Husch",Die Nebensonnen,Schubert_D911-23_HU33,189.15,../../partitions/schubert-winterreise/choco/audio/jams/schubert-winterreise-audio_22.jams
schubert-winterreise-audio_23,"Hanns-Udo Muller, Gerhard Husch",Der Leiermann,Schubert_D911-24_HU33,188.08,../../partitions/schubert-winterreise/choco/audio/jams/schubert-winterreise-audio_23.jams
schubert-winterreise-audio_24,"Jeremy Denk, Randall Scarlata",Gute Nacht,Schubert_D911-01_SC06,325.33,../../partitions/schubert-winterreise/choco/audio/jams/schubert-winterreise-audio_24.jams
schubert-winterreise-audio_25,"Jeremy Denk, Randall Scarlata",Die Wetterfahne,Schubert_D911-02_SC06,95.66,../../partitions/schubert-winterreise/choco/audio/jams/schubert-winterreise-audio_25.jams
schubert-winterreise-audio_26,"Jeremy Denk, Randall Scarlata",Gefrorne Tränen,Schubert_D911-03_SC06,137.17,../../partitions/schubert-winterreise/choco/audio/jams/schubert-winterreise-audio_26.jams
schubert-winterreise-audio_27,"Jeremy Denk, Randall Scarlata",Erstarrung,Schubert_D911-04_SC06,159.84,../../partitions/schubert-winterreise/choco/audio/jams/schubert-winterreise-audio_27.jams
schubert-winterreise-audio_28,"Jeremy Denk, Randall Scarlata",Der Lindenbaum,Schubert_D911-05_SC06,289.44,../../partitions/schubert-winterreise/choco/audio/jams/schubert-winterreise-audio_28.jams
schubert-winterreise-audio_29,"Jeremy Denk, Randall Scarlata",Wasserflut,Schubert_D911-06_SC06,240.43,../../partitions/schubert-winterreise/choco/audio/jams/schubert-winterreise-audio_29.jams
schubert-winterreise-audio_30,"Jeremy Denk, Randall Scarlata",Auf dem Flusse,Schubert_D911-07_SC06,190.56,../../partitions/schubert-winterreise/choco/audio/jams/schubert-winterreise-audio_30.jams
schubert-winterreise-audio_31,"Jeremy Denk, Randall Scarlata",Rückblick,Schubert_D911-08_SC06,114.08,../../partitions/schubert-winterreise/choco/audio/jams/schubert-winterreise-audio_31.jams
schubert-winterreise-audio_32,"Jeremy Denk, Randall Scarlata",Irrlicht,Schubert_D911-09_SC06,146.55,../../partitions/schubert-winterreise/choco/audio/jams/schubert-winterreise-audio_32.jams
schubert-winterreise-audio_33,"Jeremy Denk, Randall Scarlata",Rast,Schubert_D911-10_SC06,180.92,../../partitions/schubert-winterreise/choco/audio/jams/schubert-winterreise-audio_33.jams
schubert-winterreise-audio_34,"Jeremy Denk, Randall Scarlata",Frühlingstraum,Schubert_D911-11_SC06,237.64,../../partitions/schubert-winterreise/choco/audio/jams/schubert-winterreise-audio_34.jams
schubert-winterreise-audio_35,"Jeremy Denk, Randall Scarlata",Einsamkeit,Schubert_D911-12_SC06,147.04,../../partitions/schubert-winterreise/choco/audio/jams/schubert-winterreise-audio_35.jams
schubert-winterreise-audio_36,"Jeremy Denk, Randall Scarlata",Die Post,Schubert_D911-13_SC06,119.67,../../partitions/schubert-winterreise/choco/audio/jams/schubert-winterreise-audio_36.jams
schubert-winterreise-audio_37,"Jeremy Denk, Randall Scarlata",Der greise Kopf,Schubert_D911-14_SC06,149.34,../../partitions/schubert-winterreise/choco/audio/jams/schubert-winterreise-audio_37.jams
schubert-winterreise-audio_38,"Jeremy Denk, Randall Scarlata",Die Krähe,Schubert_D911-15_SC06,116.85,../../partitions/schubert-winterreise/choco/audio/jams/schubert-winterreise-audio_38.jams
schubert-winterreise-audio_39,"Jeremy Denk, Randall Scarlata",Letzte Hoffnung,Schubert_D911-16_SC06,113.14,../../partitions/schubert-winterreise/choco/audio/jams/schubert-winterreise-audio_39.jams
schubert-winterreise-audio_40,"Jeremy Denk, Randall Scarlata",Im Dorfe,Schubert_D911-17_SC06,190.54,../../partitions/schubert-winterreise/choco/audio/jams/schubert-winterreise-audio_40.jams
schubert-winterreise-audio_41,"Jeremy Denk, Randall Scarlata",Der stürmische Morgen,Schubert_D911-18_SC06,44.07,../../partitions/schubert-winterreise/choco/audio/jams/schubert-winterreise-audio_41.jams
schubert-winterreise-audio_42,"Jeremy Denk, Randall Scarlata",Täuschung,Schubert_D911-19_SC06,73.61,../../partitions/schubert-winterreise/choco/audio/jams/schubert-winterreise-audio_42.jams
schubert-winterreise-audio_43,"Jeremy Denk, Randall Scarlata",Der Wegweiser,Schubert_D911-20_SC06,232.75,../../partitions/schubert-winterreise/choco/audio/jams/schubert-winterreise-audio_43.jams
schubert-winterreise-audio_44,"Jeremy Denk, Randall Scarlata",Das Wirtshaus,Schubert_D911-21_SC06,239.8,../../partitions/schubert-winterreise/choco/audio/jams/schubert-winterreise-audio_44.jams
schubert-winterreise-audio_45,"Jeremy Denk, Randall Scarlata",Muth,Schubert_D911-22_SC06,74.63,../../partitions/schubert-winterreise/choco/audio/jams/schubert-winterreise-audio_45.jams
schubert-winterreise-audio_46,"Jeremy Denk, Randall Scarlata",Die Nebensonnen,Schubert_D911-23_SC06,178.39,../../partitions/schubert-winterreise/choco/audio/jams/schubert-winterreise-audio_46.jams
schubert-winterreise-audio_47,"Jeremy Denk, Randall Scarlata",Der Leiermann,Schubert_D911-24_SC06,207.8,../../partitions/schubert-winterreise/choco/audio/jams/schubert-winterreise-audio_47.jams
schubert-winterreise-audio_48,"Roger Vignoles, Thomas Allen",Gute Nacht,Schubert_D911-01_AL98,350.64,../../partitions/schubert-winterreise/choco/audio/jams/schubert-winterreise-audio_48.jams
schubert-winterreise-audio_49,"Roger Vignoles, Thomas Allen",Die Wetterfahne,Schubert_D911-02_AL98,105.4,../../partitions/schubert-winterreise/choco/audio/jams/schubert-winterreise-audio_49.jams
schubert-winterreise-audio_50,"Roger Vignoles, Thomas Allen",Gefrorne Tränen,Schubert_D911-03_AL98,159.63,../../partitions/schubert-winterreise/choco/audio/jams/schubert-winterreise-audio_50.jams
schubert-winterreise-audio_51,"Roger Vignoles, Thomas Allen",Erstarrung,Schubert_D911-04_AL98,183.27,../../partitions/schubert-winterreise/choco/audio/jams/schubert-winterreise-audio_51.jams
schubert-winterreise-audio_52,"Roger Vignoles, Thomas Allen",Der Lindenbaum,Schubert_D911-05_AL98,283.2,../../partitions/schubert-winterreise/choco/audio/jams/schubert-winterreise-audio_52.jams
schubert-winterreise-audio_53,"Roger Vignoles, Thomas Allen",Wasserflut,Schubert_D911-06_AL98,236.93,../../partitions/schubert-winterreise/choco/audio/jams/schubert-winterreise-audio_53.jams
schubert-winterreise-audio_54,"Roger Vignoles, Thomas Allen",Auf dem Flusse,Schubert_D911-07_AL98,212.17,../../partitions/schubert-winterreise/choco/audio/jams/schubert-winterreise-audio_54.jams
schubert-winterreise-audio_55,"Roger Vignoles, Thomas Allen",Rückblick,Schubert_D911-08_AL98,133.4,../../partitions/schubert-winterreise/choco/audio/jams/schubert-winterreise-audio_55.jams
schubert-winterreise-audio_56,"Roger Vignoles, Thomas Allen",Irrlicht,Schubert_D911-09_AL98,161.43,../../partitions/schubert-winterreise/choco/audio/jams/schubert-winterreise-audio_56.jams
schubert-winterreise-audio_57,"Roger Vignoles, Thomas Allen",Rast,Schubert_D911-10_AL98,195.13,../../partitions/schubert-winterreise/choco/audio/jams/schubert-winterreise-audio_57.jams
schubert-winterreise-audio_58,"Roger Vignoles, Thomas Allen",Frühlingstraum,Schubert_D911-11_AL98,249.91,../../partitions/schubert-winterreise/choco/audio/jams/schubert-winterreise-audio_58.jams
schubert-winterreise-audio_59,"Roger Vignoles, Thomas Allen",Einsamkeit,Schubert_D911-12_AL98,156.47,../../partitions/schubert-winterreise/choco/audio/jams/schubert-winterreise-audio_59.jams
schubert-winterreise-audio_60,"Roger Vignoles, Thomas Allen",Die Post,Schubert_D911-13_AL98,124.23,../../partitions/schubert-winterreise/choco/audio/jams/schubert-winterreise-audio_60.jams
schubert-winterreise-audio_61,"Roger Vignoles, Thomas Allen",Der greise Kopf,Schubert_D911-14_AL98,200.44,../../partitions/schubert-winterreise/choco/audio/jams/schubert-winterreise-audio_61.jams
schubert-winterreise-audio_62,"Roger Vignoles, Thomas Allen",Die Krähe,Schubert_D911-15_AL98,146.63,../../partitions/schubert-winterreise/choco/audio/jams/schubert-winterreise-audio_62.jams
schubert-winterreise-audio_63,"Roger Vignoles, Thomas Allen",Letzte Hoffnung,Schubert_D911-16_AL98,144.53,../../partitions/schubert-winterreise/choco/audio/jams/schubert-winterreise-audio_63.jams
schubert-winterreise-audio_64,"Roger Vignoles, Thomas Allen",Im Dorfe,Schubert_D911-17_AL98,216.04,../../partitions/schubert-winterreise/choco/audio/jams/schubert-winterreise-audio_64.jams
schubert-winterreise-audio_65,"Roger Vignoles, Thomas Allen",Der stürmische Morgen,Schubert_D911-18_AL98,49.13,../../partitions/schubert-winterreise/choco/audio/jams/schubert-winterreise-audio_65.jams
schubert-winterreise-audio_66,"Roger Vignoles, Thomas Allen",Täuschung,Schubert_D911-19_AL98,93.0,../../partitions/schubert-winterreise/choco/audio/jams/schubert-winterreise-audio_66.jams
schubert-winterreise-audio_67,"Roger Vignoles, Thomas Allen",Der Wegweiser,Schubert_D911-20_AL98,260.96,../../partitions/schubert-winterreise/choco/audio/jams/schubert-winterreise-audio_67.jams
schubert-winterreise-audio_68,"Roger Vignoles, Thomas Allen",Das Wirtshaus,Schubert_D911-21_AL98,268.71,../../partitions/schubert-winterreise/choco/audio/jams/schubert-winterreise-audio_68.jams
schubert-winterreise-audio_69,"Roger Vignoles, Thomas Allen",Muth,Schubert_D911-22_AL98,85.93,../../partitions/schubert-winterreise/choco/audio/jams/schubert-winterreise-audio_69.jams
schubert-winterreise-audio_70,"Roger Vignoles, Thomas Allen",Die Nebensonnen,Schubert_D911-23_AL98,182.03,../../partitions/schubert-winterreise/choco/audio/jams/schubert-winterreise-audio_70.jams
schubert-winterreise-audio_71,"Roger Vignoles, Thomas Allen",Der Leiermann,Schubert_D911-24_AL98,213.8,../../partitions/schubert-winterreise/choco/audio/jams/schubert-winterreise-audio_71.jams
schubert-winterreise-audio_72,"Gerald Moore, Dietrich Fischer-Dieskau",Gute Nacht,Schubert_D911-01_FI55,337.87,../../partitions/schubert-winterreise/choco/audio/jams/schubert-winterreise-audio_72.jams
schubert-winterreise-audio_73,"Gerald Moore, Dietrich Fischer-Dieskau",Die Wetterfahne,Schubert_D911-02_FI55,107.52,../../partitions/schubert-winterreise/choco/audio/jams/schubert-winterreise-audio_73.jams
schubert-winterreise-audio_74,"Gerald Moore, Dietrich Fischer-Dieskau",Gefrorne Tränen,Schubert_D911-03_FI55,156.29,../../partitions/schubert-winterreise/choco/audio/jams/schubert-winterreise-audio_74.jams
schubert-winterreise-audio_75,"Gerald Moore, Dietrich Fischer-Dieskau",Erstarrung,Schubert_D911-04_FI55,177.84,../../partitions/schubert-winterreise/choco/audio/jams/schubert-winterreise-audio_75.jams
schubert-winterreise-audio_76,"Gerald Moore, Dietrich Fischer-Dieskau",Der Lindenbaum,Schubert_D911-05_FI55,288.37,../../partitions/schubert-winterreise/choco/audio/jams/schubert-winterreise-audio_76.jams
schubert-winterreise-audio_77,"Gerald Moore, Dietrich Fischer-Dieskau",Wasserflut,Schubert_D911-06_FI55,272.77,../../partitions/schubert-winterreise/choco/audio/jams/schubert-winterreise-audio_77.jams
schubert-winterreise-audio_78,"Gerald Moore, Dietrich Fischer-Dieskau",Auf dem Flusse,Schubert_D911-07_FI55,234.74,../../partitions/schubert-winterreise/choco/audio/jams/schubert-winterreise-audio_78.jams
schubert-winterreise-audio_79,"Gerald Moore, Dietrich Fischer-Dieskau",Rückblick,Schubert_D911-08_FI55,145.95,../../partitions/schubert-winterreise/choco/audio/jams/schubert-winterreise-audio_79.jams
schubert-winterreise-audio_80,"Gerald Moore, Dietrich Fischer-Dieskau",Irrlicht,Schubert_D911-09_FI55,170.5,../../partitions/schubert-winterreise/choco/audio/jams/schubert-winterreise-audio_80.jams
schubert-winterreise-audio_81,"Gerald Moore, Dietrich Fischer-Dieskau",Rast,Schubert_D911-10_FI55,188.71,../../partitions/schubert-winterreise/choco/audio/jams/schubert-winterreise-audio_81.jams
schubert-winterreise-audio_82,"Gerald Moore, Dietrich Fischer-Dieskau",Frühlingstraum,Schubert_D911-11_FI55,243.33,../../partitions/schubert-winterreise/choco/audio/jams/schubert-winterreise-audio_82.jams
schubert-winterreise-audio_83,"Gerald Moore, Dietrich Fischer-Dieskau",Einsamkeit,Schubert_D911-12_FI55,170.69,../../partitions/schubert-winterreise/choco/audio/jams/schubert-winterreise-audio_83.jams
schubert-winterreise-audio_84,"Gerald Moore, Dietrich Fischer-Dieskau",Die Post,Schubert_D911-13_FI55,141.66,../../partitions/schubert-winterreise/choco/audio/jams/schubert-winterreise-audio_84.jams
schubert-winterreise-audio_85,"Gerald Moore, Dietrich Fischer-Dieskau",Der greise Kopf,Schubert_D911-14_FI55,195.45,../../partitions/schubert-winterreise/choco/audio/jams/schubert-winterreise-audio_85.jams
schubert-winterreise-audio_86,"Gerald Moore, Dietrich Fischer-Dieskau",Die Krähe,Schubert_D911-15_FI55,127.79,../../partitions/schubert-winterreise/choco/audio/jams/schubert-winterreise-audio_86.jams
schubert-winterreise-audio_87,"Gerald Moore, Dietrich Fischer-Dieskau",Letzte Hoffnung,Schubert_D911-16_FI55,151.98,../../partitions/schubert-winterreise/choco/audio/jams/schubert-winterreise-audio_87.jams
schubert-winterreise-audio_88,"Gerald Moore, Dietrich Fischer-Dieskau",Im Dorfe,Schubert_D911-17_FI55,184.35,../../partitions/schubert-winterreise/choco/audio/jams/schubert-winterreise-audio_88.jams
schubert-winterreise-audio_89,"Gerald Moore, Dietrich Fischer-Dieskau",Der stürmische Morgen,Schubert_D911-18_FI55,53.81,../../partitions/schubert-winterreise/choco/audio/jams/schubert-winterreise-audio_89.jams
schubert-winterreise-audio_90,"Gerald Moore, Dietrich Fischer-Dieskau",Täuschung,Schubert_D911-19_FI55,96.11,../../partitions/schubert-winterreise/choco/audio/jams/schubert-winterreise-audio_90.jams
schubert-winterreise-audio_91,"Gerald Moore, Dietrich Fischer-Dieskau",Der Wegweiser,Schubert_D911-20_FI55,258.74,../../partitions/schubert-winterreise/choco/audio/jams/schubert-winterreise-audio_91.jams
schubert-winterreise-audio_92,"Gerald Moore, Dietrich Fischer-Dieskau",Das Wirtshaus,Schubert_D911-21_FI55,292.18,../../partitions/schubert-winterreise/choco/audio/jams/schubert-winterreise-audio_92.jams
schubert-winterreise-audio_93,"Gerald Moore, Dietrich Fischer-Dieskau",Muth,Schubert_D911-22_FI55,85.66,../../partitions/schubert-winterreise/choco/audio/jams/schubert-winterreise-audio_93.jams
schubert-winterreise-audio_94,"Gerald Moore, Dietrich Fischer-Dieskau",Die Nebensonnen,Schubert_D911-23_FI55,175.49,../../partitions/schubert-winterreise/choco/audio/jams/schubert-winterreise-audio_94.jams
schubert-winterreise-audio_95,"Gerald Moore, Dietrich Fischer-Dieskau",Der Leiermann,Schubert_D911-24_FI55,217.42,../../partitions/schubert-winterreise/choco/audio/jams/schubert-winterreise-audio_95.jams
schubert-winterreise-audio_96,"Jorg Demus, Dietrich Fischer-Dieskau",Gute Nacht,Schubert_D911-01_FI66,338.03,../../partitions/schubert-winterreise/choco/audio/jams/schubert-winterreise-audio_96.jams
schubert-winterreise-audio_97,"Jorg Demus, Dietrich Fischer-Dieskau",Die Wetterfahne,Schubert_D911-02_FI66,106.03,../../partitions/schubert-winterreise/choco/audio/jams/schubert-winterreise-audio_97.jams
schubert-winterreise-audio_98,"Jorg Demus, Dietrich Fischer-Dieskau",Gefrorne Tränen,Schubert_D911-03_FI66,157.02,../../partitions/schubert-winterreise/choco/audio/jams/schubert-winterreise-audio_98.jams
schubert-winterreise-audio_99,"Jorg Demus, Dietrich Fischer-Dieskau",Erstarrung,Schubert_D911-04_FI66,178.03,../../partitions/schubert-winterreise/choco/audio/jams/schubert-winterreise-audio_99.jams
schubert-winterreise-audio_100,"Jorg Demus, Dietrich Fischer-Dieskau",Der Lindenbaum,Schubert_D911-05_FI66,281.03,../../partitions/schubert-winterreise/choco/audio/jams/schubert-winterreise-audio_100.jams
schubert-winterreise-audio_101,"Jorg Demus, Dietrich Fischer-Dieskau",Wasserflut,Schubert_D911-06_FI66,250.02,../../partitions/schubert-winterreise/choco/audio/jams/schubert-winterreise-audio_101.jams
schubert-winterreise-audio_102,"Jorg Demus, Dietrich Fischer-Dieskau",Auf dem Flusse,Schubert_D911-07_FI66,225.02,../../partitions/schubert-winterreise/choco/audio/jams/schubert-winterreise-audio_102.jams
schubert-winterreise-audio_103,"Jorg Demus, Dietrich Fischer-Dieskau",Rückblick,Schubert_D911-08_FI66,146.03,../../partitions/schubert-winterreise/choco/audio/jams/schubert-winterreise-audio_103.jams
schubert-winterreise-audio_104,"Jorg Demus, Dietrich Fischer-Dieskau",Irrlicht,Schubert_D911-09_FI66,153.03,../../partitions/schubert-winterreise/choco/audio/jams/schubert-winterreise-audio_104.jams
schubert-winterreise-audio_105,"Jorg Demus, Dietrich Fischer-Dieskau",Rast,Schubert_D911-10_FI66,182.02,../../partitions/schubert-winterreise/choco/audio/jams/schubert-winterreise-audio_105.jams
schubert-winterreise-audio_106,"Jorg Demus, Dietrich Fischer-Dieskau",Frühlingstraum,Schubert_D911-11_FI66,240.04,../../partitions/schubert-winterreise/choco/audio/jams/schubert-winterreise-audio_106.jams
schubert-winterreise-audio_107,"Jorg Demus, Dietrich Fischer-Dieskau",Einsamkeit,Schubert_D911-12_FI66,173.04,../../partitions/schubert-winterreise/choco/audio/jams/schubert-winterreise-audio_107.jams
schubert-winterreise-audio_108,"Jorg Demus, Dietrich Fischer-Dieskau",Die Post,Schubert_D911-13_FI66,140.02,../../partitions/schubert-winterreise/choco/audio/jams/schubert-winterreise-audio_108.jams
schubert-winterreise-audio_109,"Jorg Demus, Dietrich Fischer-Dieskau",Der greise Kopf,Schubert_D911-14_FI66,183.01,../../partitions/schubert-winterreise/choco/audio/jams/schubert-winterreise-audio_109.jams
schubert-winterreise-audio_110,"Jorg Demus, Dietrich Fischer-Dieskau",Die Krähe,Schubert_D911-15_FI66,120.03,../../partitions/schubert-winterreise/choco/audio/jams/schubert-winterreise-audio_110.jams
schubert-winterreise-audio_111,"Jorg Demus, Dietrich Fischer-Dieskau",Letzte Hoffnung,Schubert_D911-16_FI66,135.03,../../partitions/schubert-winterreise/choco/audio/jams/schubert-winterreise-audio_111.jams
schubert-winterreise-audio_112,"Jorg Demus, Dietrich Fischer-Dieskau",Im Dorfe,Schubert_D911-17_FI66,182.02,../../partitions/schubert-winterreise/choco/audio/jams/schubert-winterreise-audio_112.jams
schubert-winterreise-audio_113,"Jorg Demus, Dietrich Fischer-Dieskau",Der stürmische Morgen,Schubert_D911-18_FI66,52.04,../../partitions/schubert-winterreise/choco/audio/jams/schubert-winterreise-audio_113.jams
schubert-winterreise-audio_114,"Jorg Demus, Dietrich Fischer-Dieskau",Täuschung,Schubert_D911-19_FI66,94.02,../../partitions/schubert-winterreise/choco/audio/jams/schubert-winterreise-audio_114.jams
schubert-winterreise-audio_115,"Jorg Demus, Dietrich Fischer-Dieskau",Der Wegweiser,Schubert_D911-20_FI66,248.03,../../partitions/schubert-winterreise/choco/audio/jams/schubert-winterreise-audio_115.jams
schubert-winterreise-audio_116,"Jorg Demus, Dietrich Fischer-Dieskau",Das Wirtshaus,Schubert_D911-21_FI66,268.02,../../partitions/schubert-winterreise/choco/audio/jams/schubert-winterreise-audio_116.jams
schubert-winterreise-audio_117,"Jorg Demus, Dietrich Fischer-Dieskau",Muth,Schubert_D911-22_FI66,85.03,../../partitions/schubert-winterreise/choco/audio/jams/schubert-winterreise-audio_117.jams
schubert-winterreise-audio_118,"Jorg Demus, Dietrich Fischer-Dieskau",Die Nebensonnen,Schubert_D911-23_FI66,157.02,../../partitions/schubert-winterreise/choco/audio/jams/schubert-winterreise-audio_118.jams
schubert-winterreise-audio_119,"Jorg Demus, Dietrich Fischer-Dieskau",Der Leiermann,Schubert_D911-24_FI66,189.02,../../partitions/schubert-winterreise/choco/audio/jams/schubert-winterreise-audio_119.jams
schubert-winterreise-audio_120,"Daniel Barenboim, Dietrich Fischer-Dieskau",Gute Nacht,Schubert_D911-01_FI80,318.02,../../partitions/schubert-winterreise/choco/audio/jams/schubert-winterreise-audio_120.jams
schubert-winterreise-audio_121,"Daniel Barenboim, Dietrich Fischer-Dieskau",Die Wetterfahne,Schubert_D911-02_FI80,110.03,../../partitions/schubert-winterreise/choco/audio/jams/schubert-winterreise-audio_121.jams
schubert-winterreise-audio_122,"Daniel Barenboim, Dietrich Fischer-Dieskau",Gefrorne Tränen,Schubert_D911-03_FI80,135.55,../../partitions/schubert-winterreise/choco/audio/jams/schubert-winterreise-audio_122.jams
schubert-winterreise-audio_123,"Daniel Barenboim, Dietrich Fischer-Dieskau",Erstarrung,Schubert_D911-04_FI80,175.15,../../partitions/schubert-winterreise/choco/audio/jams/schubert-winterreise-audio_123.jams
schubert-winterreise-audio_124,"Daniel Barenboim, Dietrich Fischer-Dieskau",Der Lindenbaum,Schubert_D911-05_FI80,288.37,../../partitions/schubert-winterreise/choco/audio/jams/schubert-winterreise-audio_124.jams
schubert-winterreise-audio_125,"Daniel Barenboim, Dietrich Fischer-Dieskau",Wasserflut,Schubert_D911-06_FI80,275.54,../../partitions/schubert-winterreise/choco/audio/jams/schubert-winterreise-audio_125.jams
schubert-winterreise-audio_126,"Daniel Barenboim, Dietrich Fischer-Dieskau",Auf dem Flusse,Schubert_D911-07_FI80,210.86,../../partitions/schubert-winterreise/choco/audio/jams/schubert-winterreise-audio_126.jams
schubert-winterreise-audio_127,"Daniel Barenboim, Dietrich Fischer-Dieskau",Rückblick,Schubert_D911-08_FI80,149.21,../../partitions/schubert-winterreise/choco/audio/jams/schubert-winterreise-audio_127.jams
schubert-winterreise-audio_128,"Daniel Barenboim, Dietrich Fischer-Dieskau",Irrlicht,Schubert_D911-09_FI80,150.52,../../partitions/schubert-winterreise/choco/audio/jams/schubert-winterreise-audio_128.jams
schubert-winterreise-audio_129,"Daniel Barenboim, Dietrich Fischer-Dieskau",Rast,Schubert_D911-10_FI80,186.02,../../partitions/schubert-winterreise/choco/audio/jams/schubert-winterreise-audio_129.jams
schubert-winterreise-audio_130,"Daniel Barenboim, Dietrich Fischer-Dieskau",Frühlingstraum,Schubert_D911-11_FI80,248.03,../../partitions/schubert-winterreise/choco/audio/jams/schubert-winterreise-audio_130.jams
schubert-winterreise-audio_131,"Daniel Barenboim, Dietrich Fischer-Dieskau",Einsamkeit,Schubert_D911-12_FI80,166.87,../../partitions/schubert-winterreise/choco/audio/jams/schubert-winterreise-audio_131.jams
schubert-winterreise-audio_132,"Daniel Barenboim, Dietrich Fischer-Dieskau",Die Post,Schubert_D911-13_FI80,135.68,../../partitions/schubert-winterreise/choco/audio/jams/schubert-winterreise-audio_132.jams
schubert-winterreise-audio_133,"Daniel Barenboim, Dietrich Fischer-Dieskau",Der greise Kopf,Schubert_D911-14_FI80,194.04,../../partitions/schubert-winterreise/choco/audio/jams/schubert-winterreise-audio_133.jams
schubert-winterreise-audio_134,"Daniel Barenboim, Dietrich Fischer-Dieskau",Die Krähe,Schubert_D911-15_FI80,141.85,../../partitions/schubert-winterreise/choco/audio/jams/schubert-winterreise-audio_134.jams
schubert-winterreise-audio_135,"Daniel Barenboim, Dietrich Fischer-Dieskau",Letzte Hoffnung,Schubert_D911-16_FI80,122.36,../../partitions/schubert-winterreise/choco/audio/jams/schubert-winterreise-audio_135.jams
schubert-winterreise-audio_136,"Daniel Barenboim, Dietrich Fischer-Dieskau",Im Dorfe,Schubert_D911-17_FI80,217.71,../../partitions/schubert-winterreise/choco/audio/jams/schubert-winterreise-audio_136.jams
schubert-winterreise-audio_137,"Daniel Barenboim, Dietrich Fischer-Dieskau",Der stürmische Morgen,Schubert_D911-18_FI80,53.68,../../partitions/schubert-winterreise/choco/audio/jams/schubert-winterreise-audio_137.jams
schubert-winterreise-audio_138,"Daniel Barenboim, Dietrich Fischer-Dieskau",Täuschung,Schubert_D911-19_FI80,95.35,../../partitions/schubert-winterreise/choco/audio/jams/schubert-winterreise-audio_138.jams
schubert-winterreise-audio_139,"Daniel Barenboim, Dietrich Fischer-Dieskau",Der Wegweiser,Schubert_D911-20_FI80,245.37,../../partitions/schubert-winterreise/choco/audio/jams/schubert-winterreise-audio_139.jams
schubert-winterreise-audio_140,"Daniel Barenboim, Dietrich Fischer-Dieskau",Das Wirtshaus,Schubert_D911-21_FI80,266.03,../../partitions/schubert-winterreise/choco/audio/jams/schubert-winterreise-audio_140.jams
schubert-winterreise-audio_141,"Daniel Barenboim, Dietrich Fischer-Dieskau",Muth,Schubert_D911-22_FI80,87.35,../../partitions/schubert-winterreise/choco/audio/jams/schubert-winterreise-audio_141.jams
schubert-winterreise-audio_142,"Daniel Barenboim, Dietrich Fischer-Dieskau",Die Nebensonnen,Schubert_D911-23_FI80,164.55,../../partitions/schubert-winterreise/choco/audio/jams/schubert-winterreise-audio_142.jams
schubert-winterreise-audio_143,"Daniel Barenboim, Dietrich Fischer-Dieskau",Der Leiermann,Schubert_D911-24_FI80,248.53,../../partitions/schubert-winterreise/choco/audio/jams/schubert-winterreise-audio_143.jams
schubert-winterreise-audio_144,"Bert van den Brink, Thomas Oliemans",Gute Nacht,Schubert_D911-01_OL06,378.13,../../partitions/schubert-winterreise/choco/audio/jams/schubert-winterreise-audio_144.jams
schubert-winterreise-audio_145,"Bert van den Brink, Thomas Oliemans",Die Wetterfahne,Schubert_D911-02_OL06,107.24,../../partitions/schubert-winterreise/choco/audio/jams/schubert-winterreise-audio_145.jams
schubert-winterreise-audio_146,"Bert van den Brink, Thomas Oliemans",Gefrorne Tränen,Schubert_D911-03_OL06,159.29,../../partitions/schubert-winterreise/choco/audio/jams/schubert-winterreise-audio_146.jams
schubert-winterreise-audio_147,"Bert van den Brink, Thomas Oliemans",Erstarrung,Schubert_D911-04_OL06,187.13,../../partitions/schubert-winterreise/choco/audio/jams/schubert-winterreise-audio_147.jams
schubert-winterreise-audio_148,"Bert van den Brink, Thomas Oliemans",Der Lindenbaum,Schubert_D911-05_OL06,293.07,../../partitions/schubert-winterreise/choco/audio/jams/schubert-winterreise-audio_148.jams
schubert-winterreise-audio_149,"Bert van den Brink, Thomas Oliemans",Wasserflut,Schubert_D911-06_OL06,286.85,../../partitions/schubert-winterreise/choco/audio/jams/schubert-winterreise-audio_149.jams
schubert-winterreise-audio_150,"Bert van den Brink, Thomas Oliemans",Auf dem Flusse,Schubert_D911-07_OL06,222.04,../../partitions/schubert-winterreise/choco/audio/jams/schubert-winterreise-audio_150.jams
schubert-winterreise-audio_151,"Bert van den Brink, Thomas Oliemans",Rückblick,Schubert_D911-08_OL06,136.03,../../partitions/schubert-winterreise/choco/audio/jams/schubert-winterreise-audio_151.jams
schubert-winterreise-audio_152,"Bert van den Brink, Thomas Oliemans",Irrlicht,Schubert_D911-09_OL06,172.61,../../partitions/schubert-winterreise/choco/audio/jams/schubert-winterreise-audio_152.jams
schubert-winterreise-audio_153,"Bert van den Brink, Thomas Oliemans",Rast,Schubert_D911-10_OL06,202.79,../../partitions/schubert-winterreise/choco/audio/jams/schubert-winterreise-audio_153.jams
schubert-winterreise-audio_154,"Bert van den Brink, Thomas Oliemans",Frühlingstraum,Schubert_D911-11_OL06,258.75,../../partitions/schubert-winterreise/choco/audio/jams/schubert-winterreise-audio_154.jams
schubert-winterreise-audio_155,"Bert van den Brink, Thomas Oliemans",Einsamkeit,Schubert_D911-12_OL06,160.67,../../partitions/schubert-winterreise/choco/audio/jams/schubert-winterreise-audio_155.jams
schubert-winterreise-audio_156,"Bert van den Brink, Thomas Oliemans",Die Post,Schubert_D911-13_OL06,141.75,../../partitions/schubert-winterreise/choco/audio/jams/schubert-winterreise-audio_156.jams
schubert-winterreise-audio_157,"Bert van den Brink, Thomas Oliemans",Der greise Kopf,Schubert_D911-14_OL06,187.48,../../partitions/schubert-winterreise/choco/audio/jams/schubert-winterreise-audio_157.jams
schubert-winterreise-audio_158,"Bert van den Brink, Thomas Oliemans",Die Krähe,Schubert_D911-15_OL06,118.21,../../partitions/schubert-winterreise/choco/audio/jams/schubert-winterreise-audio_158.jams
schubert-winterreise-audio_159,"Bert van den Brink, Thomas Oliemans",Letzte Hoffnung,Schubert_D911-16_OL06,146.65,../../partitions/schubert-winterreise/choco/audio/jams/schubert-winterreise-audio_159.jams
schubert-winterreise-audio_160,"Bert van den Brink, Thomas Oliemans",Im Dorfe,Schubert_D911-17_OL06,186.93,../../partitions/schubert-winterreise/choco/audio/jams/schubert-winterreise-audio_160.jams
schubert-winterreise-audio_161,"Bert van den Brink, Thomas Oliemans",Der stürmische Morgen,Schubert_D911-18_OL06,55.75,../../partitions/schubert-winterreise/choco/audio/jams/schubert-winterreise-audio_161.jams
schubert-winterreise-audio_162,"Bert van den Brink, Thomas Oliemans",Täuschung,Schubert_D911-19_OL06,99.35,../../partitions/schubert-winterreise/choco/audio/jams/schubert-winterreise-audio_162.jams
schubert-winterreise-audio_163,"Bert van den Brink, Thomas Oliemans",Der Wegweiser,Schubert_D911-20_OL06,244.61,../../partitions/schubert-winterreise/choco/audio/jams/schubert-winterreise-audio_163.jams
schubert-winterreise-audio_164,"Bert van den Brink, Thomas Oliemans",Das Wirtshaus,Schubert_D911-21_OL06,240.49,../../partitions/schubert-winterreise/choco/audio/jams/schubert-winterreise-audio_164.jams
schubert-winterreise-audio_165,"Bert van den Brink, Thomas Oliemans",Muth,Schubert_D911-22_OL06,87.81,../../partitions/schubert-winterreise/choco/audio/jams/schubert-winterreise-audio_165.jams
schubert-winterreise-audio_166,"Bert van den Brink, Thomas Oliemans",Die Nebensonnen,Schubert_D911-23_OL06,170.15,../../partitions/schubert-winterreise/choco/audio/jams/schubert-winterreise-audio_166.jams
schubert-winterreise-audio_167,"Bert van den Brink, Thomas Oliemans",Der Leiermann,Schubert_D911-24_OL06,238.32,../../partitions/schubert-winterreise/choco/audio/jams/schubert-winterreise-audio_167.jams
schubert-winterreise-audio_168,"Charles Spencer, Thomas Quasthoff",Gute Nacht,Schubert_D911-01_QU98,359.29,../../partitions/schubert-winterreise/choco/audio/jams/schubert-winterreise-audio_168.jams
schubert-winterreise-audio_169,"Charles Spencer, Thomas Quasthoff",Die Wetterfahne,Schubert_D911-02_QU98,103.13,../../partitions/schubert-winterreise/choco/audio/jams/schubert-winterreise-audio_169.jams
schubert-winterreise-audio_170,"Charles Spencer, Thomas Quasthoff",Gefrorne Tränen,Schubert_D911-03_QU98,140.97,../../partitions/schubert-winterreise/choco/audio/jams/schubert-winterreise-audio_170.jams
schubert-winterreise-audio_171,"Charles Spencer, Thomas Quasthoff",Erstarrung,Schubert_D911-04_QU98,164.69,../../partitions/schubert-winterreise/choco/audio/jams/schubert-winterreise-audio_171.jams
schubert-winterreise-audio_172,"Charles Spencer, Thomas Quasthoff",Der Lindenbaum,Schubert_D911-05_QU98,300.93,../../partitions/schubert-winterreise/choco/audio/jams/schubert-winterreise-audio_172.jams
schubert-winterreise-audio_173,"Charles Spencer, Thomas Quasthoff",Wasserflut,Schubert_D911-06_QU98,275.24,../../partitions/schubert-winterreise/choco/audio/jams/schubert-winterreise-audio_173.jams
schubert-winterreise-audio_174,"Charles Spencer, Thomas Quasthoff",Auf dem Flusse,Schubert_D911-07_QU98,206.45,../../partitions/schubert-winterreise/choco/audio/jams/schubert-winterreise-audio_174.jams
schubert-winterreise-audio_175,"Charles Spencer, Thomas Quasthoff",Rückblick,Schubert_D911-08_QU98,129.71,../../partitions/schubert-winterreise/choco/audio/jams/schubert-winterreise-audio_175.jams
schubert-winterreise-audio_176,"Charles Spencer, Thomas Quasthoff",Irrlicht,Schubert_D911-09_QU98,163.84,../../partitions/schubert-winterreise/choco/audio/jams/schubert-winterreise-audio_176.jams
schubert-winterreise-audio_177,"Charles Spencer, Thomas Quasthoff",Rast,Schubert_D911-10_QU98,195.49,../../partitions/schubert-winterreise/choco/audio/jams/schubert-winterreise-audio_177.jams
schubert-winterreise-audio_178,"Charles Spencer, Thomas Quasthoff",Frühlingstraum,Schubert_D911-11_QU98,268.2,../../partitions/schubert-winterreise/choco/audio/jams/schubert-winterreise-audio_178.jams
schubert-winterreise-audio_179,"Charles Spencer, Thomas Quasthoff",Einsamkeit,Schubert_D911-12_QU98,155.37,../../partitions/schubert-winterreise/choco/audio/jams/schubert-winterreise-audio_179.jams
schubert-winterreise-audio_180,"Charles Spencer, Thomas Quasthoff",Die Post,Schubert_D911-13_QU98,140.29,../../partitions/schubert-winterreise/choco/audio/jams/schubert-winterreise-audio_180.jams
schubert-winterreise-audio_181,"Charles Spencer, Thomas Quasthoff",Der greise Kopf,Schubert_D911-14_QU98,192.67,../../partitions/schubert-winterreise/choco/audio/jams/schubert-winterreise-audio_181.jams
schubert-winterreise-audio_182,"Charles Spencer, Thomas Quasthoff",Die Krähe,Schubert_D911-15_QU98,116.31,../../partitions/schubert-winterreise/choco/audio/jams/schubert-winterreise-audio_182.jams
schubert-winterreise-audio_183,"Charles Spencer, Thomas Quasthoff",Letzte Hoffnung,Schubert_D911-16_QU98,119.0,../../partitions/schubert-winterreise/choco/audio/jams/schubert-winterreise-audio_183.jams
schubert-winterreise-audio_184,"Charles Spencer, Thomas Quasthoff",Im Dorfe,Schubert_D911-17_QU98,163.0,../../partitions/schubert-winterreise/choco/audio/jams/schubert-winterreise-audio_184.jams
schubert-winterreise-audio_185,"Charles Spencer, Thomas Quasthoff",Der stürmische Morgen,Schubert_D911-18_QU98,49.96,../../partitions/schubert-winterreise/choco/audio/jams/schubert-winterreise-audio_185.jams
schubert-winterreise-audio_186,"Charles Spencer, Thomas Quasthoff",Täuschung,Schubert_D911-19_QU98,75.47,../../partitions/schubert-winterreise/choco/audio/jams/schubert-winterreise-audio_186.jams
schubert-winterreise-audio_187,"Charles Spencer, Thomas Quasthoff",Der Wegweiser,Schubert_D911-20_QU98,267.67,../../partitions/schubert-winterreise/choco/audio/jams/schubert-winterreise-audio_187.jams
schubert-winterreise-audio_188,"Charles Spencer, Thomas Quasthoff",Das Wirtshaus,Schubert_D911-21_QU98,294.87,../../partitions/schubert-winterreise/choco/audio/jams/schubert-winterreise-audio_188.jams
schubert-winterreise-audio_189,"Charles Spencer, Thomas Quasthoff",Muth,Schubert_D911-22_QU98,78.47,../../partitions/schubert-winterreise/choco/audio/jams/schubert-winterreise-audio_189.jams
schubert-winterreise-audio_190,"Charles Spencer, Thomas Quasthoff",Die Nebensonnen,Schubert_D911-23_QU98,176.97,../../partitions/schubert-winterreise/choco/audio/jams/schubert-winterreise-audio_190.jams
schubert-winterreise-audio_191,"Charles Spencer, Thomas Quasthoff",Der Leiermann,Schubert_D911-24_QU98,206.13,../../partitions/schubert-winterreise/choco/audio/jams/schubert-winterreise-audio_191.jams
schubert-winterreise-audio_192,"Ulrich Eisenlohr, Roman Trekel",Gute Nacht,Schubert_D911-01_TR99,341.27,../../partitions/schubert-winterreise/choco/audio/jams/schubert-winterreise-audio_192.jams
schubert-winterreise-audio_193,"Ulrich Eisenlohr, Roman Trekel",Die Wetterfahne,Schubert_D911-02_TR99,107.47,../../partitions/schubert-winterreise/choco/audio/jams/schubert-winterreise-audio_193.jams
schubert-winterreise-audio_194,"Ulrich Eisenlohr, Roman Trekel",Gefrorne Tränen,Schubert_D911-03_TR99,170.4,../../partitions/schubert-winterreise/choco/audio/jams/schubert-winterreise-audio_194.jams
schubert-winterreise-audio_195,"Ulrich Eisenlohr, Roman Trekel",Erstarrung,Schubert_D911-04_TR99,166.23,../../partitions/schubert-winterreise/choco/audio/jams/schubert-winterreise-audio_195.jams
schubert-winterreise-audio_196,"Ulrich Eisenlohr, Roman Trekel",Der Lindenbaum,Schubert_D911-05_TR99,282.67,../../partitions/schubert-winterreise/choco/audio/jams/schubert-winterreise-audio_196.jams
schubert-winterreise-audio_197,"Ulrich Eisenlohr, Roman Trekel",Wasserflut,Schubert_D911-06_TR99,283.2,../../partitions/schubert-winterreise/choco/audio/jams/schubert-winterreise-audio_197.jams
schubert-winterreise-audio_198,"Ulrich Eisenlohr, Roman Trekel",Auf dem Flusse,Schubert_D911-07_TR99,246.37,../../partitions/schubert-winterreise/choco/audio/jams/schubert-winterreise-audio_198.jams
schubert-winterreise-audio_199,"Ulrich Eisenlohr, Roman Trekel",Rückblick,Schubert_D911-08_TR99,134.87,../../partitions/schubert-winterreise/choco/audio/jams/schubert-winterreise-audio_199.jams
schubert-winterreise-audio_200,"Ulrich Eisenlohr, Roman Trekel",Irrlicht,Schubert_D911-09_TR99,169.56,../../partitions/schubert-winterreise/choco/audio/jams/schubert-winterreise-audio_200.jams
schubert-winterreise-audio_201,"Ulrich Eisenlohr, Roman Trekel",Rast,Schubert_D911-10_TR99,200.57,../../partitions/schubert-winterreise/choco/audio/jams/schubert-winterreise-audio_201.jams
schubert-winterreise-audio_202,"Ulrich Eisenlohr, Roman Trekel",Frühlingstraum,Schubert_D911-11_TR99,273.56,../../partitions/schubert-winterreise/choco/audio/jams/schubert-winterreise-audio_202.jams
schubert-winterreise-audio_203,"Ulrich Eisenlohr, Roman Trekel",Einsamkeit,Schubert_D911-12_TR99,174.07,../../partitions/schubert-winterreise/choco/audio/jams/schubert-winterreise-audio_203.jams
schubert-winterreise-audio_204,"Ulrich Eisenlohr, Roman Trekel",Die Post,Schubert_D911-13_TR99,146.2,../../partitions/schubert-winterreise/choco/audio/jams/schubert-winterreise-audio_204.jams
schubert-winterreise-audio_205,"Ulrich Eisenlohr, Roman Trekel",Der greise Kopf,Schubert_D911-14_TR99,202.27,../../partitions/schubert-winterreise/choco/audio/jams/schubert-winterreise-audio_205.jams
schubert-winterreise-audio_206,"Ulrich Eisenlohr, Roman Trekel",Die Krähe,Schubert_D911-15_TR99,119.97,../../partitions/schubert-winterreise/choco/audio/jams/schubert-winterreise-audio_206.jams
schubert-winterreise-audio_207,"Ulrich Eisenlohr, Roman Trekel",Letzte Hoffnung,Schubert_D911-16_TR99,129.47,../../partitions/schubert-winterreise/choco/audio/jams/schubert-winterreise-audio_207.jams
schubert-winterreise-audio_208,"Ulrich Eisenlohr, Roman Trekel",Im Dorfe,Schubert_D911-17_TR99,195.49,../../partitions/schubert-winterreise/choco/audio/jams/schubert-winterreise-audio_208.jams
schubert-winterreise-audio_209,"Ulrich Eisenlohr, Roman Trekel",Der stürmische Morgen,Schubert_D911-18_TR99,53.04,../../partitions/schubert-winterreise/choco/audio/jams/schubert-winterreise-audio_209.jams
schubert-winterreise-audio_210,"Ulrich Eisenlohr, Roman Trekel",Täuschung,Schubert_D911-19_TR99,78.56,../../partitions/schubert-winterreise/choco/audio/jams/schubert-winterreise-audio_210.jams
schubert-winterreise-audio_211,"Ulrich Eisenlohr, Roman Trekel",Der Wegweiser,Schubert_D911-20_TR99,243.07,../../partitions/schubert-winterreise/choco/audio/jams/schubert-winterreise-audio_211.jams
schubert-winterreise-audio_212,"Ulrich Eisenlohr, Roman Trekel",Das Wirtshaus,Schubert_D911-21_TR99,252.97,../../partitions/schubert-winterreise/choco/audio/jams/schubert-winterreise-audio_212.jams
schubert-winterreise-audio_213,"Ulrich Eisenlohr, Roman Trekel",Muth,Schubert_D911-22_TR99,93.56,../../partitions/schubert-winterreise/choco/audio/jams/schubert-winterreise-audio_213.jams
schubert-winterreise-audio_214,"Ulrich Eisenlohr, Roman Trekel",Die Nebensonnen,Schubert_D911-23_TR99,199.33,../../partitions/schubert-winterreise/choco/audio/jams/schubert-winterreise-audio_214.jams
schubert-winterreise-audio_215,"Ulrich Eisenlohr, Roman Trekel",Der Leiermann,Schubert_D911-24_TR99,257.33,../../partitions/schubert-winterreise/choco/audio/jams/schubert-winterreise-audio_215.jams
