0.0	1	1	1.0	0.25	['E-2']
0.25	1	1.25	0.0625	0.25	['B-2']
0.5	1	1.5	0.125	0.25	['E-3']
0.75	1	1.75	0.0625	0.25	['G3']
1.0	1	2	0.25	0.25	['G4']
1.25	1	2.25	0.0625	0.25	['E-4']
1.5	1	2.5	0.125	0.25	['B-3']
1.75	1	2.75	0.0625	0.25	['G3']
2.0	1	3	0.5	0.25	['E-2']
2.25	1	3.25	0.0625	0.25	['B-2']
2.5	1	3.5	0.125	0.25	['E-3']
2.75	1	3.75	0.0625	0.25	['G3']
3.0	1	4	0.25	0.25	['G4']
3.25	1	4.25	0.0625	0.25	['E-4']
3.5	1	4.5	0.125	0.25	['B-3']
3.75	1	4.75	0.0625	0.25	['G3']
4.0	2	1	1.0	0.25	['E-2', 'G4']
4.25	2	1.25	0.0625	0.25	['B-2', 'G4']
4.5	2	1.5	0.125	0.25	['E-3', 'G4']
4.75	2	1.75	0.0625	0.25	['G3', 'G4']
5.0	2	2	0.25	0.25	['G4']
5.25	2	2.25	0.0625	0.25	['E-4', 'G4']
5.5	2	2.5	0.125	0.25	['B-3', 'G4']
5.75	2	2.75	0.0625	0.25	['G3', 'G4']
6.0	2	3	0.5	0.25	['E-2', 'G4']
6.25	2	3.25	0.0625	0.25	['B-2', 'G4']
6.5	2	3.5	0.125	0.25	['E-3', 'G4']
6.75	2	3.75	0.0625	0.25	['G3', 'G4']
7.0	2	4	0.25	0.25	['F4']
7.25	2	4.25	0.0625	0.25	['D4', 'F4']
7.5	2	4.5	0.125	0.25	['B-3', 'F4']
7.75	2	4.75	0.0625	0.25	['G3', 'F4']
8.0	3	1	1.0	0.25	['E-2', 'F4']
8.25	3	1.25	0.0625	0.25	['B-2', 'F4']
8.5	3	1.5	0.125	0.25	['E-3', 'F4']
8.75	3	1.75	0.0625	0.25	['G3', 'F4']
9.0	3	2	0.25	0.25	['F4']
9.25	3	2.25	0.0625	0.25	['D4', 'F4']
9.5	3	2.5	0.125	0.25	['B-3']
9.75	3	2.75	0.0625	0.25	['G3']
10.0	3	3	0.5	0.25	['E-2', 'E-4']
10.25	3	3.25	0.0625	0.25	['C3', 'E-4']
10.5	3	3.5	0.125	0.25	['F3', 'E-4']
10.75	3	3.75	0.0625	0.25	['C4', 'E-4']
11.0	3	4	0.25	0.25	['A-4']
11.25	3	4.25	0.0625	0.25	['E-4', 'A-4']
11.5	3	4.5	0.125	0.25	['C4', 'A-4']
11.75	3	4.75	0.0625	0.25	['F3', 'A-4']
12.0	4	1	1.0	0.25	['E-2', 'G4']
12.25	4	1.25	0.0625	0.25	['B-2', 'G4']
12.5	4	1.5	0.125	0.25	['D3', 'G4']
12.75	4	1.75	0.0625	0.25	['G3', 'G4']
13.0	4	2	0.25	0.25	['D4', 'G4']
13.25	4	2.25	0.0625	0.25	['D4']
13.5	4	2.5	0.125	0.25	['B-3', 'E-4']
13.75	4	2.75	0.0625	0.25	['G3', 'E-4']
14.0	4	3	0.5	0.25	['E-2', 'F4']
14.25	4	3.25	0.0625	0.25	['B-2', 'F4']
14.5	4	3.5	0.125	0.25	['D-3', 'D-4']
14.75	4	3.75	0.0625	0.25	['G3', 'D-4']
15.0	4	4	0.25	0.25	['D-4', 'F4']
15.25	4	4.25	0.0625	0.25	['D-4']
15.5	4	4.5	0.125	0.25	['B-3', 'D-4']
15.75	4	4.75	0.0625	0.25	['G3', 'E-4']
16.0	5	1	1.0	0.25	['E-2', 'C4']
16.25	5	1.25	0.0625	0.25	['C3', 'C4']
16.5	5	1.5	0.125	0.25	['E-3', 'C4']
16.75	5	1.75	0.0625	0.25	['G3', 'C4']
17.0	5	2	0.25	0.25	['C4', 'E-4']
17.25	5	2.25	0.0625	0.25	['C4']
17.5	5	2.5	0.125	0.25	['G3', 'C4']
17.75	5	2.75	0.0625	0.25	['E-3', 'C4']
18.0	5	3	0.5	0.25	['E-2', 'C4']
18.25	5	3.25	0.0625	0.25	['C3', 'C4']
18.5	5	3.5	0.125	0.25	['E-3', 'C4']
18.75	5	3.75	0.0625	0.25	['G3', 'C4']
19.0	5	4	0.25	0.25	['E-4']
19.25	5	4.25	0.0625	0.25	['C4', 'E-4']
19.5	5	4.5	0.125	0.25	['G3', 'E-4']
19.75	5	4.75	0.0625	0.25	['E-3', 'E-4']
20.0	6	1	1.0	0.25	['B-1', 'G4']
20.25	6	1.25	0.0625	0.25	['B-2', 'G4']
20.5	6	1.5	0.125	0.25	['C3', 'G4']
20.75	6	1.75	0.0625	0.25	['E-3', 'G4']
21.0	6	2	0.25	0.25	['A4']
21.25	6	2.25	0.0625	0.25	['G4', 'A4']
21.5	6	2.5	0.125	0.25	['E-4', 'A4']
21.75	6	2.75	0.0625	0.25	['A3', 'A4']
22.0	6	3	0.5	0.25	['C2', 'A4']
22.25	6	3.25	0.0625	0.25	['C3', 'A4']
22.5	6	3.5	0.125	0.25	['E-3', 'A4']
22.75	6	3.75	0.0625	0.25	['G3', 'A4']
23.0	6	4	0.25	0.25	['B-4']
23.25	6	4.25	0.0625	0.25	['G4', 'B-4']
23.5	6	4.5	0.125	0.25	['E-4', 'B-4']
23.75	6	4.75	0.0625	0.25	['B-3', 'B-4']
24.0	7	1	1.0	0.25	['D2', 'F#4', 'B-4']
24.25	7	1.25	0.0625	0.25	['B-2', 'F#4', 'B-4']
24.5	7	1.5	0.125	0.25	['D3', 'F#4', 'B-4']
24.75	7	1.75	0.0625	0.25	['F#3', 'F#4', 'B-4']
25.0	7	2	0.25	0.25	['F#4']
25.25	7	2.25	0.0625	0.25	['D4', 'F#4']
25.5	7	2.5	0.125	0.25	['B-3', 'F#4']
25.75	7	2.75	0.0625	0.25	['F#3', 'F#4']
26.0	7	3	0.5	0.25	['B-1', 'G4']
26.25	7	3.25	0.0625	0.25	['B-2', 'G4']
26.5	7	3.5	0.125	0.25	['E-3', 'G4']
26.75	7	3.75	0.0625	0.25	['G3', 'G4']
27.0	7	4	0.25	0.25	['G4', 'A4']
27.25	7	4.25	0.0625	0.25	['G4', 'A4']
27.5	7	4.5	0.125	0.25	['E-4', 'A4']
27.75	7	4.75	0.0625	0.25	['A3', 'A4']
28.0	8	1	1.0	0.25	['D2', 'B-4']
28.25	8	1.25	0.0625	0.25	['B-2', 'B-4']
28.5	8	1.5	0.125	0.25	['F3', 'B-4']
28.75	8	1.75	0.0625	0.25	['A-3', 'B-4']
29.0	8	2	0.25	0.25	['C5']
29.25	8	2.25	0.0625	0.25	['A-4', 'C5']
29.5	8	2.5	0.125	0.25	['F4', 'C5']
29.75	8	2.75	0.0625	0.25	['C4', 'C5']
30.0	8	3	0.5	0.25	['E2', 'A-4']
30.25	8	3.25	0.0625	0.25	['D-3', 'A-4']
30.5	8	3.5	0.125	0.25	['B-3', 'A-4']
30.75	8	3.75	0.0625	0.25	['D-4', 'A-4']
31.0	8	4	0.25	0.25	['G4']
31.25	8	4.25	0.0625	0.25	['D-4', 'G4']
31.5	8	4.5	0.125	0.25	['B-3', 'G4']
31.75	8	4.75	0.0625	0.25	['G3', 'G4']
32.0	9	1	1.0	0.25	['F2', 'F4']
32.25	9	1.25	0.0625	0.25	['C3', 'F4']
32.5	9	1.5	0.125	0.25	['F3', 'F4']
32.75	9	1.75	0.0625	0.25	['A3', 'F4']
33.0	9	2	0.25	0.25	['F4', 'C5']
33.25	9	2.25	0.0625	0.25	['F4', 'A4', 'C5']
33.5	9	2.5	0.125	0.25	['F4', 'C5']
33.75	9	2.75	0.0625	0.25	['C4', 'F4', 'C5']
34.0	9	3	0.5	0.25	['F#2', 'D5']
34.25	9	3.25	0.0625	0.25	['C3', 'D5']
34.5	9	3.5	0.125	0.25	['A3', 'A4', 'D5']
34.75	9	3.75	0.0625	0.25	['C4', 'A4', 'D5']
35.0	9	4	0.25	0.25	['C5', 'E-5']
35.25	9	4.25	0.0625	0.25	['C5', 'E-5']
35.5	9	4.5	0.125	0.25	['A4', 'C5', 'E-5']
35.75	9	4.75	0.0625	0.25	['E-4', 'C5', 'E-5']
36.0	10	1	1.0	0.25	['G2', 'C5', 'E-5']
36.25	10	1.25	0.0625	0.25	['E-3', 'C5', 'E-5']
36.5	10	1.5	0.125	0.25	['G3', 'C5', 'E-5']
36.75	10	1.75	0.0625	0.25	['C4', 'C5', 'E-5']
37.0	10	2	0.25	0.25	['E-4', 'B-4']
37.25	10	2.25	0.0625	0.25	['D-4', 'E-4', 'B-4']
37.5	10	2.5	0.125	0.25	['B-3', 'E-4', 'B-4']
37.75	10	2.75	0.0625	0.25	['E-3', 'E-4', 'B-4']
38.0	10	3	0.5	0.25	['A-1', 'E4']
38.25	10	3.25	0.0625	0.25	['A-2', 'E4']
38.5	10	3.5	0.125	0.25	['D-3', 'E4', 'B-4']
38.75	10	3.75	0.0625	0.25	['A-3', 'E4', 'B-4']
39.0	10	4	0.25	0.25	['F4', 'D-5']
39.25	10	4.25	0.0625	0.25	['D-4', 'F4', 'D-5']
39.5	10	4.5	0.125	0.25	['A-3', 'F4', 'D-5']
39.75	10	4.75	0.0625	0.25	['F3', 'F4', 'D-5']
40.0	11	1	1.0	0.25	['F2', 'G4', 'D-5']
40.25	11	1.25	0.0625	0.25	['D-3', 'G4', 'D-5']
40.5	11	1.5	0.125	0.25	['F3', 'G4']
40.75	11	1.75	0.0625	0.25	['A-3', 'G4']
41.0	11	2	0.25	0.25	['A-4', 'D-5']
41.25	11	2.25	0.0625	0.25	['F4', 'A-4', 'D-5']
41.5	11	2.5	0.125	0.25	['D-4', 'A-4', 'C5']
41.75	11	2.75	0.0625	0.25	['A-3', 'A-4', 'C5']
42.0	11	3	0.5	0.25	['D-2', 'A-4', 'B-4']
42.25	11	3.25	0.0625	0.25	['A-2', 'A-4', 'B-4']
42.5	11	3.5	0.125	0.25	['D-3', 'A-4']
42.75	11	3.75	0.0625	0.25	['F3', 'A-4']
43.0	11	4	0.25	0.25	['A-4', 'B-4']
43.25	11	4.25	0.0625	0.25	['A-4', 'B-4']
43.5	11	4.5	0.125	0.25	['F4', 'A-4', 'B-4']
43.75	11	4.75	0.0625	0.25	['B-3', 'G4', 'B-4']
44.0	12	1	1.0	0.25	['D2', 'F4', 'C5']
44.25	12	1.25	0.0625	0.25	['B-2', 'F4', 'C5']
44.5	12	1.5	0.125	0.25	['F3', 'F4', 'C5']
44.75	12	1.75	0.0625	0.25	['A-3', 'F4', 'C5']
45.0	12	2	0.25	0.25	['F4', 'A-4']
45.25	12	2.25	0.0625	0.25	['F4', 'A-4']
45.5	12	2.5	0.125	0.25	['B-3', 'F4', 'A-4']
45.75	12	2.75	0.0625	0.25	['A-3', 'F4', 'A-4']
46.0	12	3	0.5	0.25	['A-2', 'F4', 'B-4']
46.25	12	3.25	0.0625	0.25	['D3', 'F4', 'B-4']
46.5	12	3.5	0.125	0.25	['F3', 'F4', 'B-4']
46.75	12	3.75	0.0625	0.25	['B-3', 'F4', 'B-4']
47.0	12	4	0.25	0.25	['C5']
47.25	12	4.25	0.0625	0.25	['F4', 'C5']
47.5	12	4.5	0.125	0.25	['D4', 'C5']
47.75	12	4.75	0.0625	0.25	['C4', 'C5']
48.0	13	1	1.0	0.25	['G2', 'C5', 'D5']
48.25	13	1.25	0.0625	0.25	['D3', 'C5', 'D5']
48.5	13	1.5	0.125	0.25	['G3', 'D5']
48.75	13	1.75	0.0625	0.25	['D4', 'D5']
49.0	13	2	0.25	0.25	['C4', 'C5', 'D5']
49.25	13	2.25	0.0625	0.25	['D4', 'C5', 'D5']
49.5	13	2.5	0.125	0.25	['G4', 'C5', 'D5']
49.75	13	2.75	0.0625	0.25	['C5', 'D5']
50.0	13	3	0.5	0.25	['E-2', 'C5', 'E-5']
50.25	13	3.25	0.0625	0.25	['E-3', 'C5', 'E-5']
50.5	13	3.5	0.125	0.25	['G-3', 'C5', 'E-5']
50.75	13	3.75	0.0625	0.25	['C4', 'C5', 'E-5']
51.0	13	4	0.25	0.25	['C-4', 'C-5', 'E-5']
51.25	13	4.25	0.0625	0.25	['E-4', 'C-5', 'E-5']
51.5	13	4.5	0.125	0.25	['G-4', 'E-5']
51.75	13	4.75	0.0625	0.25	['G-4', 'C-5', 'E-5']
52.0	14	1	1.0	0.25	['D-3', 'G-4', 'F-5']
52.25	14	1.25	0.0625	0.25	['G-3', 'G-4', 'F-5']
52.5	14	1.5	0.125	0.25	['C-4', 'G-4', 'F-5']
52.75	14	1.75	0.0625	0.25	['F-4', 'G-4', 'F-5']
53.0	14	2	0.25	0.25	['F-4', 'G-4', 'F-5']
53.25	14	2.25	0.0625	0.25	['G-4', 'F-5']
53.5	14	2.5	0.125	0.25	['G-4', 'C-5', 'F-5']
53.75	14	2.75	0.0625	0.25	['G-4', 'F-5']
54.0	14	3	0.5	0.25	['G-2', 'G-4']
54.25	14	3.25	0.0625	0.25	['D-3', 'G-4']
54.5	14	3.5	0.125	0.25	['F-3', 'F-4']
54.75	14	3.75	0.0625	0.25	['B-3', 'F-4']
55.0	14	4	0.25	0.25	['B-3', 'F-4']
55.25	14	4.25	0.0625	0.25	['D-4', 'F-4']
55.5	14	4.5	0.125	0.25	['F-4']
55.75	14	4.75	0.0625	0.25	['F-4', 'B-4']
56.0	15	1	1.0	0.25	['G2', 'F-4']
56.25	15	1.25	0.0625	0.25	['B-2', 'F-4']
56.5	15	1.5	0.125	0.25	['F-3', 'F-4']
56.75	15	1.75	0.0625	0.25	['B-3', 'F-4']
57.0	15	2	0.25	0.25	['B-3', 'F-4']
57.25	15	2.25	0.0625	0.25	['F-4', 'B-4']
57.5	15	2.5	0.125	0.25	['F-4']
57.75	15	2.75	0.0625	0.25	['B-3', 'F-4']
58.0	15	3	0.5	0.25	['B-1', 'E-4']
58.25	15	3.25	0.0625	0.25	['B-2', 'E-4']
58.5	15	3.5	0.125	0.25	['E-3', 'E-4']
58.75	15	3.75	0.0625	0.25	['F3', 'E-4']
59.0	15	4	0.25	0.25	['A-3', 'D4']
59.25	15	4.25	0.0625	0.25	['D4', 'B-4']
59.5	15	4.5	0.125	0.25	['D4']
59.75	15	4.75	0.0625	0.25	['A-3', 'E-4']
60.0	16	1	1.0	0.25	['E-2', 'E-4']
60.25	16	1.25	0.0625	0.25	['B-2', 'E-4']
60.5	16	1.5	0.125	0.25	['E-3', 'E-4']
60.75	16	1.75	0.0625	0.25	['G3', 'E-4']
61.0	16	2	0.25	0.25	['E-4', 'G4']
61.25	16	2.25	0.0625	0.25	['E-4']
61.5	16	2.5	0.125	0.25	['B-3', 'E-4']
61.75	16	2.75	0.0625	0.25	['G3', 'E-4']
62.0	16	3	0.5	0.25	['E-4', 'B-4']
62.25	16	3.25	0.0625	0.25	['E-4', 'G4']
62.5	16	3.5	0.125	0.25	['E-4']
62.75	16	3.75	0.0625	0.25	['B-3', 'E-4']
63.0	16	4	0.25	0.25	['B-4']
63.25	16	4.25	0.0625	0.25	['G4']
63.5	16	4.5	0.125	0.25	['E-4']
63.75	16	4.75	0.0625	0.25	['B-3']
64.0	17	1	1.0	0.25	['B-4']
64.25	17	1.25	0.0625	0.25	['G-4', 'B-4']
64.5	17	1.5	0.125	0.25	['E-4', 'B-4']
64.75	17	1.75	0.0625	0.25	['B-3', 'B-4']
65.0	17	2	0.25	0.25	['B-4']
65.25	17	2.25	0.0625	0.25	['G-4', 'B-4']
65.5	17	2.5	0.125	0.25	['E-4', 'B-4']
65.75	17	2.75	0.0625	0.25	['B-3', 'B-4']
66.0	17	3	0.5	0.25	['D-5']
66.25	17	3.25	0.0625	0.25	['G-4', 'D-5']
66.5	17	3.5	0.125	0.25	['E-4', 'D-5']
66.75	17	3.75	0.0625	0.25	['D-4', 'D-5']
67.0	17	4	0.25	0.25	['B-3', 'D-5']
67.25	17	4.25	0.0625	0.25	['B-3', 'G-4', 'D-5']
67.5	17	4.5	0.125	0.25	['B-3', 'E-4', 'D-5']
67.75	17	4.75	0.0625	0.25	['B-3', 'D-4', 'D-5']
68.0	18	1	1.0	0.25	['G-3', 'D-5']
68.25	18	1.25	0.0625	0.08	['G-3', 'B-4', 'D-5']
68.33	18	1.33	0.0625	0.17	['G-3', 'B-4', 'C5']
68.5	18	1.5	0.125	0.17	['G-3', 'E-4', 'C5']
68.67	18	1.67	0.0625	0.08	['G-3', 'E-4', 'D-5']
68.75	18	1.75	0.0625	0.25	['G-3', 'D-4', 'D-5']
69.0	18	2	0.25	0.25	['A-3', 'C5']
69.25	18	2.25	0.0625	0.25	['A-3', 'G-4', 'C5']
69.5	18	2.5	0.125	0.25	['A-3', 'E-4', 'C5']
69.75	18	2.75	0.0625	0.25	['A-3', 'C4', 'C5']
70.0	18	3	0.5	0.25	['A-1', 'E-2', 'A-2', 'G-3', 'C5']
70.25	18	3.25	0.0625	0.25	['A-1', 'E-2', 'A-2', 'E-3', 'C5']
70.5	18	3.5	0.125	0.25	['A-1', 'E-2', 'A-2', 'C3', 'C5']
70.75	18	3.75	0.0625	0.25	['A-1', 'E-2', 'A-2', 'E-3', 'C5']
71.0	18	4	0.25	0.25	['A-1', 'E-2', 'A-2', 'G3', 'C5']
71.25	18	4.25	0.0625	0.25	['A-1', 'E-2', 'A-2', 'C4', 'C5']
71.5	18	4.5	0.125	0.25	['E-4']
71.75	18	4.75	0.0625	0.25	['G-4']
72.0	19	1	1.0	0.25	['B-4']
72.25	19	1.25	0.0625	0.25	['G-4', 'B-4']
72.5	19	1.5	0.125	0.25	['E-4', 'B-4']
72.75	19	1.75	0.0625	0.25	['B-3', 'B-4']
73.0	19	2	0.25	0.25	['B-4']
73.25	19	2.25	0.0625	0.25	['G-4', 'B-4']
73.5	19	2.5	0.125	0.25	['E-4', 'B-4']
73.75	19	2.75	0.0625	0.25	['B-3', 'B-4']
74.0	19	3	0.5	0.25	['D-5']
74.25	19	3.25	0.0625	0.25	['G-4', 'D-5']
74.5	19	3.5	0.125	0.25	['E-4', 'D-5']
74.75	19	3.75	0.0625	0.25	['D-4', 'D-5']
75.0	19	4	0.25	0.25	['B-3', 'D-5']
75.25	19	4.25	0.0625	0.25	['B-3', 'G-4', 'D-5']
75.5	19	4.5	0.125	0.25	['B-3', 'E-4', 'D-5']
75.75	19	4.75	0.0625	0.25	['B-3', 'D-4', 'D-5']
76.0	20	1	1.0	0.25	['G-3', 'D-5']
76.25	20	1.25	0.0625	0.08	['G-3', 'B-4', 'D-5']
76.33	20	1.33	0.0625	0.17	['G-3', 'B-4', 'C5']
76.5	20	1.5	0.125	0.17	['G-3', 'E-4', 'C5']
76.67	20	1.67	0.0625	0.08	['G-3', 'E-4', 'D-5']
76.75	20	1.75	0.0625	0.25	['G-3', 'D-4', 'D-5']
77.0	20	2	0.25	0.25	['A-3', 'C5']
77.25	20	2.25	0.0625	0.25	['A-3', 'G-4', 'C5']
77.5	20	2.5	0.125	0.25	['A-3', 'E-4', 'C5']
77.75	20	2.75	0.0625	0.25	['A-3', 'C4', 'C5']
78.0	20	3	0.5	0.25	['A-1', 'E-2', 'A-2', 'G-3', 'C5']
78.25	20	3.25	0.0625	0.25	['A-1', 'E-2', 'A-2', 'E-3', 'C5']
78.5	20	3.5	0.125	0.25	['A-1', 'E-2', 'A-2', 'C3', 'C5']
78.75	20	3.75	0.0625	0.25	['A-1', 'E-2', 'A-2', 'E-3', 'C5']
79.0	20	4	0.25	0.25	['A-1', 'E-2', 'A-2', 'G-3', 'C5']
79.25	20	4.25	0.0625	0.25	['A-1', 'E-2', 'A-2', 'C4', 'C5']
79.5	20	4.5	0.125	0.25	['E-4']
79.75	20	4.75	0.0625	0.25	['G-4']
80.0	21	1	1.0	0.25	['G2', 'C5']
80.25	21	1.25	0.0625	0.25	['C3', 'C5']
80.5	21	1.5	0.125	0.25	['E3', 'C5']
80.75	21	1.75	0.0625	0.25	['B-3', 'C5']
81.0	21	2	0.25	0.25	['E4']
81.25	21	2.25	0.0625	0.25	['C4', 'E4']
81.5	21	2.5	0.125	0.25	['B-3', 'E4']
81.75	21	2.75	0.0625	0.25	['E3', 'E4']
82.0	21	3	0.5	0.25	['A-2', 'F4']
82.25	21	3.25	0.0625	0.25	['D-3', 'F4']
82.5	21	3.5	0.125	0.25	['F3', 'F4']
82.75	21	3.75	0.0625	0.25	['C-4', 'F4']
83.0	21	4	0.25	0.25	['C-5']
83.25	21	4.25	0.0625	0.25	['F4', 'C-5']
83.5	21	4.5	0.125	0.25	['D-4', 'C-5']
83.75	21	4.75	0.0625	0.25	['C-4', 'C-5']
84.0	22	1	1.0	0.25	['B-2', 'C-5']
84.25	22	1.25	0.0625	0.25	['D3', 'C-5']
84.5	22	1.5	0.125	0.25	['A-3', 'C-5']
84.75	22	1.75	0.0625	0.25	['C-4', 'C-5']
85.0	22	2	0.25	0.25	['C-5']
85.25	22	2.25	0.0625	0.25	['A-4', 'C-5']
85.5	22	2.5	0.125	0.25	['D4', 'C-5']
85.75	22	2.75	0.0625	0.25	['C-4', 'C-5']
86.0	22	3	0.5	0.25	['B-2', 'B-4']
86.25	22	3.25	0.0625	0.25	['G-3', 'B-4']
86.5	22	3.5	0.125	0.25	['B-3', 'B-4']
86.75	22	3.75	0.0625	0.25	['D-4', 'B-4']
87.0	22	4	0.25	0.25	['A-4']
87.25	22	4.25	0.0625	0.25	['F-4', 'A-4']
87.5	22	4.5	0.125	0.25	['D-4', 'F-4']
87.75	22	4.75	0.0625	0.25	['A-3', 'F-4']
88.0	23	1	1.0	0.25	['C-3', 'E-4']
88.25	23	1.25	0.0625	0.25	['G-3', 'E-4']
88.5	23	1.5	0.125	0.25	['B-3', 'E-4']
88.75	23	1.75	0.0625	0.25	['E-4']
89.0	23	2	0.25	0.25	['E-4', 'G-4']
89.25	23	2.25	0.0625	0.25	['E-4']
89.5	23	2.5	0.125	0.25	['B-3', 'E-4']
89.75	23	2.75	0.0625	0.25	['G-3', 'E-4']
90.0	23	3	0.5	0.25	['F2', 'G-4']
90.25	23	3.25	0.0625	0.25	['C3', 'G-4']
90.5	23	3.5	0.125	0.25	['E-3', 'G-4']
90.75	23	3.75	0.0625	0.25	['A3', 'G-4']
91.0	23	4	0.25	0.25	['G-4']
91.25	23	4.25	0.0625	0.25	['E-4', 'G-4']
91.5	23	4.5	0.125	0.25	['A3', 'G-4']
91.75	23	4.75	0.0625	0.25	['G-3', 'G-4']
92.0	24	1	1.0	0.25	['B-2', 'F4', 'F5']
92.25	24	1.25	0.0625	0.25	['F3', 'F4', 'F5']
92.5	24	1.5	0.125	0.25	['B-3', 'F4', 'F5']
92.75	24	1.75	0.0625	0.25	['D-4', 'F4', 'F5']
93.0	24	2	0.25	0.25	['F3', 'F4', 'A-5']
93.25	24	2.25	0.0625	0.25	['B-3', 'F4', 'A-5']
93.5	24	2.5	0.125	0.25	['D-4', 'F4', 'A-5']
93.75	24	2.75	0.0625	0.25	['F4', 'A-5']
94.0	24	3	0.5	0.25	['B-3', 'F4', 'A-5']
94.25	24	3.25	0.0625	0.25	['D-4', 'F4', 'A-5']
94.5	24	3.5	0.125	0.25	['F4', 'A-5']
94.75	24	3.75	0.0625	0.25	['B-4', 'A-5']
95.0	24	4	0.25	0.25	['D-4', 'A-5']
95.25	24	4.25	0.0625	0.08	['F4', 'A-5']
95.33	24	4.33	0.0625	0.17	['F4', 'G5']
95.5	24	4.5	0.125	0.17	['B-4', 'G5']
95.67	24	4.67	0.0625	0.08	['B-4', 'A-5']
95.75	24	4.75	0.0625	0.25	['D-5', 'A-5']
96.0	25	1	1.0	0.25	['C-4', 'D-5', 'G5']
96.25	25	1.25	0.0625	0.25	['D-4', 'D-5', 'G5']
96.5	25	1.5	0.125	0.25	['F4', 'D-5', 'G5']
96.75	25	1.75	0.0625	0.25	['A-4', 'D-5', 'G5']
97.0	25	2	0.25	0.25	['A-3', 'D-5', 'A-5']
97.25	25	2.25	0.0625	0.25	['C-4', 'D-5', 'A-5']
97.5	25	2.5	0.125	0.25	['D-4', 'C-5', 'A-5']
97.75	25	2.75	0.0625	0.25	['F4', 'C-5', 'A-5']
98.0	25	3	0.5	0.25	['F3', 'B-4']
98.25	25	3.25	0.0625	0.25	['B-3', 'B-4']
98.5	25	3.5	0.125	0.25	['D-4', 'B-4']
98.75	25	3.75	0.0625	0.25	['F4', 'B-4']
99.0	25	4	0.25	0.25	['F-3', 'B-4']
99.25	25	4.25	0.0625	0.25	['C-4', 'B-4']
99.5	25	4.5	0.125	0.25	['D-4', 'A-4']
99.75	25	4.75	0.0625	0.25	['F4', 'A-4']
100.0	26	1	1.0	0.25	['B-2', 'B-4', 'F5']
100.25	26	1.25	0.0625	0.25	['F3', 'B-4', 'F5']
100.5	26	1.5	0.125	0.25	['B-3', 'F4', 'F5']
100.75	26	1.75	0.0625	0.25	['D-4', 'F4', 'F5']
101.0	26	2	0.25	0.25	['F3', 'F4', 'A-5']
101.25	26	2.25	0.0625	0.25	['B-3', 'F4', 'A-5']
101.5	26	2.5	0.125	0.25	['D-4', 'F4', 'A-5']
101.75	26	2.75	0.0625	0.25	['F4', 'A-5']
102.0	26	3	0.5	0.25	['B-3', 'F4', 'A-5']
102.25	26	3.25	0.0625	0.08	['D-4', 'F4', 'A-5']
102.33	26	3.33	0.0625	0.17	['D-4', 'F4', 'G5']
102.5	26	3.5	0.125	0.17	['F4', 'G5']
102.67	26	3.67	0.0625	0.08	['F4', 'A-5']
102.75	26	3.75	0.0625	0.25	['B-4', 'A-5']
103.0	26	4	0.25	0.25	['D-4', 'B-4', 'G5']
103.25	26	4.25	0.0625	0.25	['E-4', 'B-4', 'G5']
103.5	26	4.5	0.125	0.25	['G4', 'B-4', 'G5']
103.75	26	4.75	0.0625	0.25	['B-4', 'G5']
104.0	27	1	1.0	0.25	['C-4', 'D-5', 'A-5']
104.25	27	1.25	0.0625	0.25	['D-4', 'D-5', 'A-5']
104.5	27	1.5	0.125	0.25	['F4', 'D-5', 'A-5']
104.75	27	1.75	0.0625	0.25	['A-4', 'D-5', 'A-5']
105.0	27	2	0.25	0.25	['A-3', 'C-5', 'A-5']
105.25	27	2.25	0.0625	0.25	['C-4', 'C-5', 'A-5']
105.5	27	2.5	0.125	0.25	['D-4', 'B-4']
105.75	27	2.75	0.0625	0.25	['F4', 'B-4']
106.0	27	3	0.5	0.25	['G-3', 'C-5']
106.25	27	3.25	0.0625	0.25	['C-4', 'C-5']
106.5	27	3.5	0.125	0.25	['E-4', 'C-5']
106.75	27	3.75	0.0625	0.25	['G-4', 'C-5']
107.0	27	4	0.25	0.25	['F3', 'C-5']
107.25	27	4.25	0.0625	0.25	['C-4', 'C-5']
107.5	27	4.5	0.125	0.25	['E-4', 'A-4']
107.75	27	4.75	0.0625	0.25	['A-4']
108.0	28	1	1.0	0.25	['F-3', 'B-4', 'A-5']
108.25	28	1.25	0.0625	0.25	['A-3', 'B-4', 'A-5']
108.5	28	1.5	0.125	0.25	['B-3', 'B-4', 'A-5']
108.75	28	1.75	0.0625	0.25	['D-4', 'B-4', 'A-5']
109.0	28	2	0.25	0.25	['A-3', 'B-4', 'F-5']
109.25	28	2.25	0.0625	0.25	['B-3', 'B-4', 'F-5']
109.5	28	2.5	0.125	0.25	['D-4', 'B-4', 'F-5']
109.75	28	2.75	0.0625	0.25	['F-4', 'B-4', 'F-5']
110.0	28	3	0.5	0.25	['F-3', 'B-4', 'F-5']
110.25	28	3.25	0.0625	0.08	['A-3', 'B-4', 'F-5']
110.33	28	3.33	0.0625	0.17	['A-3', 'B-4', 'G-5']
110.5	28	3.5	0.125	0.17	['B-3', 'B-4', 'G-5']
110.67	28	3.67	0.0625	0.08	['B-3', 'B-4', 'E-5']
110.75	28	3.75	0.0625	0.25	['D-4', 'B-4', 'E-5']
111.0	28	4	0.25	0.25	['E-3', 'A-4', 'F-5']
111.25	28	4.25	0.0625	0.25	['F-3', 'A-4', 'F-5']
111.5	28	4.5	0.125	0.25	['A-3', 'A-4', 'F-5']
111.75	28	4.75	0.0625	0.25	['C-4', 'A-4', 'F-5']
112.0	29	1	1.0	0.25	['D-3', 'G4', 'F-5']
112.25	29	1.25	0.0625	0.25	['G3', 'G4', 'F-5']
112.5	29	1.5	0.125	0.25	['B-3', 'G4', 'F-5']
112.75	29	1.75	0.0625	0.25	['F-4', 'G4', 'F-5']
113.0	29	2	0.25	0.25	['A-4', 'F-5']
113.25	29	2.25	0.0625	0.25	['A-4', 'B-4']
113.5	29	2.5	0.125	0.25	['G4', 'B-4']
113.75	29	2.75	0.0625	0.25	['F-4', 'B-4']
114.0	29	3	0.5	0.25	['A-2', 'C-5']
114.25	29	3.25	0.0625	0.25	['C-3', 'C-5']
114.5	29	3.5	0.125	0.25	['F-3', 'C-5']
114.75	29	3.75	0.0625	0.25	['A-3', 'C-5']
115.0	29	4	0.25	0.25	['C-5']
115.25	29	4.25	0.0625	0.25	['A-4', 'C-5']
115.5	29	4.5	0.125	0.25	['F-4', 'A-4']
115.75	29	4.75	0.0625	0.25	['C-4', 'A-4']
116.0	30	1	1.0	0.25	['F-3', 'B-4', 'A-5']
116.25	30	1.25	0.0625	0.25	['A-3', 'B-4', 'A-5']
116.5	30	1.5	0.125	0.25	['B-3', 'B-4', 'A-5']
116.75	30	1.75	0.0625	0.25	['D-4', 'B-4', 'A-5']
117.0	30	2	0.25	0.25	['A-3', 'B-4', 'F-5']
117.25	30	2.25	0.0625	0.25	['B-3', 'B-4', 'F-5']
117.5	30	2.5	0.125	0.25	['D-4', 'B-4', 'F-5']
117.75	30	2.75	0.0625	0.25	['F-4', 'B-4', 'F-5']
118.0	30	3	0.5	0.25	['F-3', 'B-4', 'F-5']
118.25	30	3.25	0.0625	0.08	['A-3', 'B-4', 'F-5']
118.33	30	3.33	0.0625	0.17	['A-3', 'B-4', 'G-5']
118.5	30	3.5	0.125	0.17	['B-3', 'B-4', 'G-5']
118.67	30	3.67	0.0625	0.08	['B-3', 'B-4', 'E-5']
118.75	30	3.75	0.0625	0.25	['D-4', 'B-4', 'E-5']
119.0	30	4	0.25	0.25	['E-3', 'A-4', 'F-5']
119.25	30	4.25	0.0625	0.25	['F-3', 'A-4', 'F-5']
119.5	30	4.5	0.125	0.25	['A-3', 'C-5', 'F-5']
119.75	30	4.75	0.0625	0.25	['C-4', 'C-5', 'F-5']
120.0	31	1	1.0	0.25	['D-3', 'B-4', 'F-5']
120.25	31	1.25	0.0625	0.25	['G-3', 'B-4', 'F-5']
120.5	31	1.5	0.125	0.25	['B-3', 'A-4', 'F-5']
120.75	31	1.75	0.0625	0.25	['F-4', 'A-4', 'F-5']
121.0	31	2	0.25	0.25	['G-4', 'F-5']
121.25	31	2.25	0.0625	0.25	['G-4', 'B-4', 'F-5']
121.5	31	2.5	0.125	0.25	['G-4', 'F-5']
121.75	31	2.75	0.0625	0.25	['F-4', 'G-4', 'F-5']
122.0	31	3	0.5	0.25	['C-3', 'G-4', 'F-5']
122.25	31	3.25	0.0625	0.25	['G-3', 'G-4', 'F-5']
122.5	31	3.5	0.125	0.25	['B-3', 'G-4', 'F-5']
122.75	31	3.75	0.0625	0.25	['G-4', 'F-5']
123.0	31	4	0.25	0.25	['G-4', 'E-5']
123.25	31	4.25	0.0625	0.25	['G-4', 'B-4', 'E-5']
123.5	31	4.5	0.125	0.25	['G-4', 'E-5']
123.75	31	4.75	0.0625	0.25	['E-4', 'G-4', 'E-5']
124.0	32	1	1.0	0.25	['B-2', 'G-4', 'E-5']
124.25	32	1.25	0.0625	0.08	['E-3', 'G-4', 'E-5']
124.33	32	1.33	0.0625	0.17	['E-3', 'G-4', 'D-5']
124.5	32	1.5	0.125	0.17	['G-3', 'G-4', 'D-5']
124.67	32	1.67	0.0625	0.08	['G-3', 'G-4', 'B-4']
124.75	32	1.75	0.0625	0.25	['E-4', 'G-4', 'B-4']
125.0	32	2	0.25	0.25	['G-4', 'C-5']
125.25	32	2.25	0.0625	0.25	['G-4', 'C-5']
125.5	32	2.5	0.125	0.25	['E-4', 'G-4', 'C-5']
125.75	32	2.75	0.0625	0.25	['C-4', 'G-4', 'C-5']
126.0	32	3	0.5	0.25	['B--2', 'G-4', 'C-5']
126.25	32	3.25	0.0625	0.25	['E-3', 'G-4', 'C-5']
126.5	32	3.5	0.125	0.25	['G-3', 'G-4', 'C-5']
126.75	32	3.75	0.0625	0.25	['E-4', 'G-4', 'C-5']
127.0	32	4	0.25	0.25	['C-4', 'C-5']
127.25	32	4.25	0.0625	0.25	['C-4', 'G-4', 'C-5']
127.5	32	4.5	0.125	0.25	['C-4', 'E-4', 'C-5']
127.75	32	4.75	0.0625	0.25	['C-4', 'C-5']
128.0	33	1	1.0	0.25	['B-1', 'B-3', 'B-4']
128.25	33	1.25	0.0625	0.25	['B-2', 'B-3', 'B-4']
128.5	33	1.5	0.125	0.25	['D3', 'B-3', 'B-4']
128.75	33	1.75	0.0625	0.25	['G3', 'B-3', 'B-4']
129.0	33	2	0.25	0.25	['B-3', 'G4']
129.25	33	2.25	0.0625	0.25	['D4', 'G4']
129.5	33	2.5	0.125	0.25	['G4']
129.75	33	2.75	0.0625	0.25	['G4', 'B-4']
130.0	33	3	0.5	0.25	['B-2', 'G4']
130.25	33	3.25	0.0625	0.25	['D3', 'G4']
130.5	33	3.5	0.125	0.25	['G3', 'G4']
130.75	33	3.75	0.0625	0.25	['D4', 'G4']
131.0	33	4	0.25	0.25	['G3', 'F4']
131.25	33	4.25	0.0625	0.25	['D4', 'F4']
131.5	33	4.5	0.125	0.25	['F4']
131.75	33	4.75	0.0625	0.25	['F4', 'B-4']
132.0	34	1	1.0	0.25	['B-2', 'E-4']
132.25	34	1.25	0.0625	0.25	['C3', 'E-4']
132.5	34	1.5	0.125	0.25	['F3', 'E-4']
132.75	34	1.75	0.0625	0.25	['C4', 'E-4']
133.0	34	2	0.25	0.25	['A-4']
133.25	34	2.25	0.0625	0.25	['E-4', 'A-4']
133.5	34	2.5	0.125	0.25	['C4', 'A-4']
133.75	34	2.75	0.0625	0.25	['F3', 'A-4']
134.0	34	3	0.5	0.25	['B-2', 'A-4']
134.25	34	3.25	0.0625	0.25	['C3', 'A-4']
134.5	34	3.5	0.125	0.25	['F3', 'A-4']
134.75	34	3.75	0.0625	0.25	['C4', 'A-4']
135.0	34	4	0.25	0.25	['A-4']
135.25	34	4.25	0.0625	0.25	['E-4', 'A-4']
135.5	34	4.5	0.125	0.25	['C4', 'A-4']
135.75	34	4.75	0.0625	0.25	['F3', 'A-4']
136.0	35	1	1.0	0.25	['E-2', 'G4']
136.25	35	1.25	0.0625	0.25	['B-2', 'G4']
136.5	35	1.5	0.125	0.25	['D3', 'G4']
136.75	35	1.75	0.0625	0.25	['G3', 'G4']
137.0	35	2	0.25	0.25	['G4']
137.25	35	2.25	0.0625	0.25	['D4', 'G4']
137.5	35	2.5	0.125	0.25	['B-3', 'D4']
137.75	35	2.75	0.0625	0.25	['G3', 'D4']
138.0	35	3	0.5	0.25	['E-2', 'F4']
138.25	35	3.25	0.0625	0.25	['B-2', 'F4']
138.5	35	3.5	0.125	0.25	['D-3', 'F4']
138.75	35	3.75	0.0625	0.25	['G3', 'F4']
139.0	35	4	0.25	0.25	['D-4', 'F4']
139.25	35	4.25	0.0625	0.25	['D-4']
139.5	35	4.5	0.125	0.25	['B-3', 'D-4']
139.75	35	4.75	0.0625	0.25	['F3', 'E-4']
140.0	36	1	1.0	0.25	['E-2', 'C4', 'G4']
140.25	36	1.25	0.0625	0.25	['C3', 'C4', 'G4']
140.5	36	1.5	0.125	0.25	['E-3', 'C4', 'G4']
140.75	36	1.75	0.0625	0.25	['G3', 'C4', 'G4']
141.0	36	2	0.25	0.25	['C4', 'A4']
141.25	36	2.25	0.0625	0.25	['C4', 'G4', 'A4']
141.5	36	2.5	0.125	0.25	['C4', 'E-4', 'A4']
141.75	36	2.75	0.0625	0.25	['A3', 'C4', 'A4']
142.0	36	3	0.5	0.25	['C2', 'C4', 'A4']
142.25	36	3.25	0.0625	0.25	['C3', 'C4', 'A4']
142.5	36	3.5	0.125	0.25	['E-3', 'C4', 'A4']
142.75	36	3.75	0.0625	0.25	['G3', 'C4', 'A4']
143.0	36	4	0.25	0.25	['B-4']
143.25	36	4.25	0.0625	0.25	['G4', 'B-4']
143.5	36	4.5	0.125	0.25	['E-4', 'B-4']
143.75	36	4.75	0.0625	0.25	['B-3', 'B-4']
144.0	37	1	1.0	0.25	['D2', 'B-4']
144.25	37	1.25	0.0625	0.25	['B-2', 'B-4']
144.5	37	1.5	0.125	0.25	['F3', 'B-4']
144.75	37	1.75	0.0625	0.25	['A-3', 'B-4']
145.0	37	2	0.25	0.25	['B-4', 'C5']
145.25	37	2.25	0.0625	0.25	['A-4', 'B-4', 'C5']
145.5	37	2.5	0.125	0.25	['F4', 'C5']
145.75	37	2.75	0.0625	0.25	['C4', 'C5']
146.0	37	3	0.5	0.25	['E2', 'A-4']
146.25	37	3.25	0.0625	0.25	['D-3', 'A-4']
146.5	37	3.5	0.125	0.25	['B-3', 'A-4']
146.75	37	3.75	0.0625	0.25	['D-4', 'A-4']
147.0	37	4	0.25	0.25	['G4']
147.25	37	4.25	0.0625	0.25	['D-4', 'G4']
147.5	37	4.5	0.125	0.25	['B-3', 'G4']
147.75	37	4.75	0.0625	0.25	['G3', 'G4']
148.0	38	1	1.0	0.25	['F2', 'F4']
148.25	38	1.25	0.0625	0.25	['E-3', 'F4']
148.5	38	1.5	0.125	0.25	['F3', 'F4']
148.75	38	1.75	0.0625	0.25	['A3', 'F4']
149.0	38	2	0.25	0.25	['F4', 'C5']
149.25	38	2.25	0.0625	0.25	['F4', 'A4', 'C5']
149.5	38	2.5	0.125	0.25	['E-4', 'F4', 'C5']
149.75	38	2.75	0.0625	0.25	['C4', 'F4', 'C5']
150.0	38	3	0.5	0.25	['F3', 'F4', 'D5']
150.25	38	3.25	0.0625	0.25	['A3', 'F4', 'D5']
150.5	38	3.5	0.125	0.25	['E-4', 'F4', 'D5']
150.75	38	3.75	0.0625	0.25	['F4', 'D5']
151.0	38	4	0.25	0.25	['F4', 'E-5']
151.25	38	4.25	0.0625	0.25	['F4', 'C5', 'E-5']
151.5	38	4.5	0.125	0.25	['A4', 'E-5']
151.75	38	4.75	0.0625	0.25	['E-4', 'E-5']
152.0	39	1	1.0	0.25	['C4', 'E5']
152.25	39	1.25	0.0625	0.25	['E-4', 'E5']
152.5	39	1.5	0.125	0.25	['F4', 'E5']
152.75	39	1.75	0.0625	0.25	['A4', 'E5']
153.0	39	2	0.25	0.25	['F5']
153.25	39	2.25	0.0625	0.25	['E-5', 'F5']
153.5	39	2.5	0.125	0.25	['A4', 'F5']
153.75	39	2.75	0.0625	0.25	['F4', 'F5']
154.0	39	3	0.5	0.25	['B-3', 'F5']
154.25	39	3.25	0.0625	0.08	['C4', 'F5']
154.33	39	3.33	0.0625	0.17	['C4', 'G5']
154.5	39	3.5	0.125	0.17	['E-4', 'G5']
154.67	39	3.67	0.0625	0.08	['E-4', 'F5']
154.75	39	3.75	0.0625	0.25	['G4', 'F5']
155.0	39	4	0.25	0.25	['E-4', 'G5']
155.25	39	4.25	0.0625	0.25	['E-4', 'E-5', 'G5']
155.5	39	4.5	0.125	0.25	['E-4', 'C5', 'G5']
155.75	39	4.75	0.0625	0.25	['E-4', 'G4', 'G5']
156.0	40	1	1.0	0.25	['A3', 'C5']
156.25	40	1.25	0.0625	0.25	['C4', 'C5']
156.5	40	1.5	0.125	0.25	['E-4', 'C5']
156.75	40	1.75	0.0625	0.25	['G4', 'C5']
157.0	40	2	0.25	0.25	['A4', 'C5', 'A5']
157.25	40	2.25	0.0625	0.25	['C5', 'G5']
157.5	40	2.5	0.125	0.25	['C5', 'E-5']
157.75	40	2.75	0.0625	0.25	['A4', 'C5']
158.0	40	3	0.5	0.25	['A-3', 'B-4']
158.25	40	3.25	0.0625	0.25	['B-3', 'B-4']
158.5	40	3.5	0.125	0.25	['D4', 'B-4']
158.75	40	3.75	0.0625	0.25	['F4', 'B-4']
159.0	40	4	0.25	0.25	['B-4', 'B-5']
159.25	40	4.25	0.0625	0.25	['B-4', 'F5']
159.5	40	4.5	0.125	0.25	['B-4', 'D5']
159.75	40	4.75	0.0625	0.25	['B-4']
160.0	41	1	1.0	0.25	['G3', 'B-4']
160.25	41	1.25	0.0625	0.25	['B-3', 'B-4']
160.5	41	1.5	0.125	0.25	['E-4', 'B-4']
160.75	41	1.75	0.0625	0.25	['G4', 'B-4']
161.0	41	2	0.25	0.25	['A4', 'B-4', 'A5']
161.25	41	2.25	0.0625	0.25	['B-4', 'G5']
161.5	41	2.5	0.125	0.25	['B-4', 'E-5']
161.75	41	2.75	0.0625	0.25	['A4', 'B-4']
162.0	41	3	0.5	0.25	['F3', 'B-4']
162.25	41	3.25	0.0625	0.25	['A-3', 'B-4']
162.5	41	3.5	0.125	0.25	['B-3', 'B-4']
162.75	41	3.75	0.0625	0.25	['E-4', 'B-4']
163.0	41	4	0.25	0.25	['B-4', 'B-5']
163.25	41	4.25	0.0625	0.25	['A-5']
163.5	41	4.5	0.125	0.25	['E-5']
163.75	41	4.75	0.0625	0.25	['B-4']
164.0	42	1	1.0	0.25	['E-3', 'E-5']
164.25	42	1.25	0.0625	0.25	['B-3', 'E-5']
164.5	42	1.5	0.125	0.25	['E-4', 'E-5']
164.75	42	1.75	0.0625	0.25	['G4', 'E-5']
165.0	42	2	0.25	0.25	['A4', 'E-5', 'A5']
165.25	42	2.25	0.0625	0.25	['E-5']
165.5	42	2.5	0.125	0.25	['E-5', 'G5']
165.75	42	2.75	0.0625	0.25	['E-5', 'A5']
166.0	42	3	0.5	0.25	['D-4', 'E-5']
166.25	42	3.25	0.0625	0.25	['E-4', 'E-5']
166.5	42	3.5	0.125	0.25	['G4', 'E-5']
166.75	42	3.75	0.0625	0.25	['B-4', 'E-5']
167.0	42	4	0.25	0.25	['B-4', 'E-5', 'B-5']
167.25	42	4.25	0.0625	0.25	['E-5']
167.5	42	4.5	0.125	0.25	['E-4', 'G5']
167.75	42	4.75	0.0625	0.25	['E-4', 'B-5']
168.0	43	1	1.0	0.25	['E-3', 'E-4']
168.25	43	1.25	0.0625	0.25	['C-4', 'E-4']
168.5	43	1.5	0.125	0.25	['E-4']
168.75	43	1.75	0.0625	0.25	['E-4', 'G4']
169.0	43	2	0.25	0.25	['E-4', 'A4', 'A5']
169.25	43	2.25	0.0625	0.25	['E-4', 'E-5']
169.5	43	2.5	0.125	0.25	['E-4', 'G5']
169.75	43	2.75	0.0625	0.25	['E-4', 'A5']
170.0	43	3	0.5	0.25	['B-3', 'E-4']
170.25	43	3.25	0.0625	0.25	['E-4']
170.5	43	3.5	0.125	0.25	['E-4', 'A4']
170.75	43	3.75	0.0625	0.25	['E-4', 'B-4']
171.0	43	4	0.25	0.25	['E-4', 'B-4', 'B-5']
171.25	43	4.25	0.0625	0.25	['E-4', 'E-5']
171.5	43	4.5	0.125	0.25	['E-4', 'A-5']
171.75	43	4.75	0.0625	0.25	['E-4', 'B-5']
172.0	44	1	1.0	0.25	['E-3', 'E-4']
172.25	44	1.25	0.0625	0.25	['B-3', 'E-4']
172.5	44	1.5	0.125	0.25	['E-4']
172.75	44	1.75	0.0625	0.25	['E-4', 'G4']
173.0	44	2	0.25	0.25	['E-4', 'A4']
173.25	44	2.25	0.0625	0.25	['E-4', 'E-5']
173.5	44	2.5	0.125	0.25	['E-4', 'G5']
173.75	44	2.75	0.0625	0.25	['E-4', 'A5']
174.0	44	3	0.5	0.25	['D-4']
174.25	44	3.25	0.0625	0.25	['E-4']
174.5	44	3.5	0.125	0.25	['G4']
174.75	44	3.75	0.0625	0.25	['B-4']
175.0	44	4	0.25	0.25	['B-4']
175.25	44	4.25	0.0625	0.25	['E-5']
175.5	44	4.5	0.125	0.25	['G5']
175.75	44	4.75	0.0625	0.25	['B-5']
176.0	45	1	1.0	0.25	['E-3']
176.25	45	1.25	0.0625	0.25	['C-4']
176.5	45	1.5	0.125	0.25	['E-4']
176.75	45	1.75	0.0625	0.25	['G4']
177.0	45	2	0.25	0.25	['A4']
177.25	45	2.25	0.0625	0.25	['E-5']
177.5	45	2.5	0.125	0.25	['G5']
177.75	45	2.75	0.0625	0.25	['A5']
178.0	45	3	0.5	0.25	['B-3']
178.25	45	3.25	0.0625	0.25	['E-4']
178.5	45	3.5	0.125	0.25	['A-4']
178.75	45	3.75	0.0625	0.25	['B-4']
179.0	45	4	0.25	0.25	['B-4']
179.25	45	4.25	0.0625	0.25	['E-5']
179.5	45	4.5	0.125	0.25	['A-5']
179.75	45	4.75	0.0625	0.25	['B-5']
180.0	46	1	1.0	1.0	['E-2', 'E-3']
181.0	46	2	0.25	1.0	['E-2', 'E-3']
182.0	46	3	0.5	1.0	['G3', 'B-3', 'E-4', 'G4', 'B-4', 'E-5', 'B-5']
183.0	46	4	0.25	1.0	['G3', 'B-3', 'E-4', 'G4', 'B-4', 'E-5', 'B-5']
184.0	47	1	1.0	1.0	['G3', 'B-3', 'E-4', 'G4', 'B-4', 'E-5', 'B-5']
185.0	47	2	0.25	3.0	['G3', 'B-3', 'E-4', 'G4', 'B-4', 'E-5', 'B-5']
