0.0	1	1	1.0	0.5	['A1', 'A2']
0.5	1	2	0.5	0.25	['A1', 'A2', 'A3', 'C4', 'E4']
0.75	1	2.5	0.25	0.25	['A1', 'A2', 'E3']
1.0	1	3	0.5	0.5	['A3', 'C4', 'E4']
1.5	2	1	1.0	0.5	['F1', 'F2']
2.0	2	1.5	0.25	0.5	['F3', 'A3', 'D4', 'F4']
2.5	2	2	0.5	0.5	['D1', 'D2']
3.0	2	2.5	0.25	0.5	['G3', 'B3', 'F4', 'G4']
3.5	3	1	1.0	0.5	['C1', 'C2']
4.0	3	2	0.5	0.25	['C1', 'C2', 'G3', 'C4', 'E4']
4.25	3	2.5	0.25	0.25	['C1', 'C2', 'E3']
4.5	3	3	0.5	0.5	['G3', 'C4', 'E4']
5.0	4	1	1.0	0.5	['F1', 'F2']
5.5	4	1.5	0.25	0.5	['D3', 'A3', 'B3', 'D4']
6.0	4	2	0.5	0.5	['E1', 'E2']
6.5	4	2.5	0.25	0.5	['E3', 'G#3', 'B3', 'E4']
7.0	5	1	1.0	0.5	['A1', 'A2']
7.5	5	2	0.5	0.25	['A1', 'A2', 'A3', 'C#4', 'E4']
7.75	5	2.5	0.25	0.25	['A1', 'A2', 'E3']
8.0	5	3	0.5	0.5	['A3', 'C#4', 'E4']
8.5	6	1	1.0	0.5	['F1', 'F2']
9.0	6	1.5	0.25	0.5	['F3', 'A3', 'D4', 'F4']
9.5	6	2	0.5	0.5	['D1', 'D2']
10.0	6	2.5	0.25	0.5	['G3', 'B3', 'F4', 'G4']
10.5	7	1	1.0	0.5	['C1', 'C2']
11.0	7	2	0.5	0.25	['C1', 'C2', 'G3', 'C4', 'E4']
11.25	7	2.5	0.25	0.25	['C1', 'C2', 'E3']
11.5	7	3	0.5	0.5	['G3', 'C4', 'E4']
12.0	8	1	1.0	0.5	['F1', 'F2']
12.5	8	1.5	0.25	0.5	['D3', 'A3', 'B3', 'D4']
13.0	8	2	0.5	0.5	['E1', 'E2']
13.5	8	2.5	0.25	0.5	['E3', 'G#3', 'B3', 'E4']
14.0	9	1	1.0	0.5	['A1', 'A2']
14.5	9	1.5	0.25	0.17	['A1', 'A2', 'A4']
14.67	9	1.67	0.0625	0.17	['A1', 'A2', 'E4']
14.83	9	1.83	0.0625	0.17	['A1', 'A2', 'C4']
15.0	9	2	0.5	0.5	['A3']
15.5	9	2.5	0.25	0.5	['C4', 'E4', 'A4']
16.0	9	3	0.5	0.5	['G1', 'G2']
16.5	9	3.5	0.25	0.5	['B3', 'D4', 'G4', 'B4']
17.0	10	1	1.0	0.5	['A1', 'A2']
17.5	10	1.5	0.25	0.17	['A1', 'A2', 'A4']
17.67	10	1.67	0.0625	0.17	['A1', 'A2', 'E4']
17.83	10	1.83	0.0625	0.17	['A1', 'A2', 'C4']
18.0	10	2	0.5	0.5	['A3']
18.5	10	2.5	0.25	0.5	['C4', 'E4', 'A4']
19.0	10	3	0.5	0.5	['B1', 'B2']
19.5	10	3.5	0.25	0.5	['G3', 'B3', 'D4', 'G4']
20.0	11	1	1.0	0.5	['A1', 'A2']
20.5	11	1.5	0.25	0.17	['A1', 'A2', 'A4']
20.67	11	1.67	0.0625	0.17	['A1', 'A2', 'E4']
20.83	11	1.83	0.0625	0.17	['A1', 'A2', 'C4']
21.0	11	2	0.5	0.5	['A3']
21.5	11	2.5	0.25	0.5	['C4', 'E4', 'A4']
22.0	11	3	0.5	0.5	['G1', 'G2']
22.5	11	3.5	0.25	0.5	['B3', 'D4', 'G4', 'B4']
23.0	12	1	1.0	0.5	['A1', 'A2']
23.5	12	1.5	0.25	0.17	['A1', 'A2', 'A4']
23.67	12	1.67	0.0625	0.17	['A1', 'A2', 'E4']
23.83	12	1.83	0.0625	0.17	['A1', 'A2', 'C4']
24.0	12	2	0.5	0.5	['A3']
24.5	12	2.5	0.25	0.5	['C4', 'E4', 'A4']
25.0	12	3	0.5	0.5	['B1', 'B2']
25.5	12	3.5	0.25	0.5	['G3', 'B3', 'D4', 'G4']
26.0	13	1	1.0	0.5	['A1', 'A2', 'E5']
26.5	13	1.5	0.25	0.17	['A1', 'A2', 'A4', 'E5']
26.67	13	1.67	0.0625	0.08	['A1', 'A2', 'E4', 'E5']
26.75	13	1.75	0.125	0.08	['A1', 'A2', 'E4', 'E5']
26.83	13	1.83	0.0625	0.17	['A1', 'A2', 'C4', 'E5']
27.0	13	2	0.5	0.5	['A3', 'E5']
27.5	13	2.5	0.25	0.25	['C4', 'E4', 'A4', 'E5']
27.75	13	2.75	0.125	0.25	['C4', 'E4', 'A4', 'E5']
28.0	13	3	0.5	0.5	['B1', 'B2', 'D5']
28.5	13	3.5	0.25	0.25	['G3', 'B3', 'D4', 'G4', 'C5']
28.75	13	3.75	0.125	0.25	['G3', 'B3', 'D4', 'G4', 'D5']
29.0	14	1	1.0	0.5	['A1', 'A2', 'E5']
29.5	14	1.5	0.25	0.17	['A1', 'A2', 'A4', 'E5']
29.67	14	1.67	0.0625	0.17	['A1', 'A2', 'E4', 'E5']
29.83	14	1.83	0.0625	0.17	['A1', 'A2', 'C4', 'E5']
30.0	14	2	0.5	0.5	['A3', 'E5']
30.5	14	2.5	0.25	0.5	['C4', 'E4', 'A4']
31.0	14	3	0.5	0.5	['B1', 'B2', 'D5']
31.5	14	3.5	0.25	0.5	['G3', 'B3', 'E4', 'G4', 'E5']
32.0	15	1	1.0	0.5	['A1', 'A2', 'C5']
32.5	15	1.5	0.25	0.17	['A1', 'A2', 'A4']
32.67	15	1.67	0.0625	0.08	['A1', 'A2', 'E4', 'A4']
32.75	15	1.75	0.125	0.08	['A1', 'A2', 'E4', 'B4']
32.83	15	1.83	0.0625	0.17	['A1', 'A2', 'C4', 'B4']
33.0	15	2	0.5	0.5	['A3', 'C5']
33.5	15	2.5	0.25	0.5	['C4', 'E4', 'A4', 'C5']
34.0	15	3	0.5	0.5	['A1', 'A2', 'C5']
34.5	15	3.5	0.25	0.5	['C4', 'E4', 'A4', 'C5']
35.0	16	1	1.0	0.5	['F#1', 'F#2', 'B4']
35.5	16	1.5	0.125	0.5	['B3', 'D#4', 'A4', 'B4']
36.0	16	2	0.25	0.5	['E1', 'E2', 'E4']
36.5	16	2.5	0.125	0.17	['E1', 'E2', 'E4', 'B4']
36.67	16	2.67	0.0625	0.17	['E1', 'E2', 'E4', 'G#4']
36.83	16	2.83	0.0625	0.17	['E1', 'E2', 'E4']
37.0	16	3	0.5	0.5	['B3', 'E4']
37.5	16	3.5	0.125	0.5	['E4', 'G#4', 'B4']
38.0	16	4	0.25	0.5	['A1', 'A2']
38.5	16	4.5	0.125	0.5	['C4', 'E4', 'A4', 'C5']
39.0	17	1	1.0	0.5	['E1', 'E2']
39.5	17	1.5	0.25	0.17	['E1', 'E2', 'B4']
39.67	17	1.67	0.0625	0.17	['E1', 'E2', 'G#4']
39.83	17	1.83	0.0625	0.17	['E1', 'E2', 'E4']
40.0	17	2	0.5	0.5	['B3']
40.5	17	2.5	0.25	0.5	['E4', 'G#4', 'B4']
41.0	17	3	0.5	0.5	['E2', 'E3']
41.5	17	3.5	0.25	0.5	['B3', 'E4', 'G#4', 'B4']
42.0	18	1	1.0	0.5	['A1', 'A2', 'E5']
42.5	18	1.5	0.25	0.17	['A1', 'A2', 'A4', 'E5']
42.67	18	1.67	0.0625	0.17	['A1', 'A2', 'E4', 'E5']
42.83	18	1.83	0.0625	0.17	['A1', 'A2', 'C4', 'E5']
43.0	18	2	0.5	0.5	['A3', 'E5']
43.5	18	2.5	0.25	0.25	['C4', 'E4', 'A4', 'E5']
43.75	18	2.75	0.125	0.25	['C4', 'E4', 'A4', 'E5']
44.0	18	3	0.5	0.5	['B1', 'B2', 'D5']
44.5	18	3.5	0.25	0.25	['G3', 'B3', 'D4', 'G4', 'C5']
44.75	18	3.75	0.125	0.25	['G3', 'B3', 'D4', 'G4', 'D5']
45.0	19	1	1.0	0.5	['A1', 'A2', 'E5']
45.5	19	1.5	0.25	0.17	['A1', 'A2', 'A4', 'E5']
45.67	19	1.67	0.0625	0.08	['A1', 'A2', 'E4', 'E5']
45.75	19	1.75	0.125	0.08	['A1', 'A2', 'E4', 'C5']
45.83	19	1.83	0.0625	0.17	['A1', 'A2', 'C4', 'C5']
46.0	19	2	0.5	0.5	['A3', 'A4']
46.5	19	2.5	0.25	0.5	['C4', 'E4', 'A4']
47.0	19	3	0.5	0.5	['A1', 'A2', 'A4']
47.5	19	3.5	0.25	0.25	['C4', 'E4', 'A4', 'B4', 'C5']
47.75	19	3.75	0.125	0.25	['C4', 'E4', 'A4', 'C5']
48.0	20	1	1.0	0.5	['F2', 'F3', 'D5']
48.5	20	1.5	0.25	0.25	['A3', 'D4', 'F4', 'A4', 'E5']
48.75	20	1.75	0.125	0.25	['A3', 'D4', 'F4', 'A4', 'F5']
49.0	20	2	0.5	0.5	['G2', 'G3', 'E5']
49.5	20	2.5	0.25	0.5	['C4', 'E4', 'G4', 'E5']
50.0	20	3	0.5	0.5	['G1', 'G2', 'D5']
50.5	20	3.5	0.25	0.5	['B3', 'F4', 'G4', 'B4', 'D5']
51.0	21	1	1.0	0.5	['C2', 'C3', 'C5']
51.5	21	1.5	0.25	0.17	['C2', 'C3', 'C5']
51.67	21	1.67	0.0625	0.17	['C2', 'C3', 'G4', 'C5']
51.83	21	1.83	0.0625	0.17	['C2', 'C3', 'E4', 'C5']
52.0	21	2	0.5	0.5	['C4', 'C5']
52.5	21	2.5	0.25	0.5	['E4', 'G4', 'C5']
53.0	21	3	0.5	0.5	['F2', 'F3', 'C5']
53.5	21	3.5	0.25	0.5	['C4', 'F4', 'A-4', 'C5']
54.0	22	1	1.0	0.5	['C2', 'C3']
54.5	22	1.5	0.25	0.17	['C2', 'C3', 'C5']
54.67	22	1.67	0.0625	0.17	['C2', 'C3', 'G4']
54.83	22	1.83	0.0625	0.17	['C2', 'C3', 'E4']
55.0	22	2	0.5	0.5	['C4']
55.5	22	2.5	0.25	0.5	['E4', 'G4', 'C5']
56.0	22	3	0.5	0.5	['A1', 'A2']
56.5	22	3.5	0.25	0.5	['C4', 'E4', 'A4', 'C5']
57.0	23	1	1.0	0.5	['E1', 'E2', 'B4']
57.5	23	1.5	0.25	0.17	['E1', 'E2', 'B4']
57.67	23	1.67	0.0625	0.08	['E1', 'E2', 'G#4', 'B4']
57.75	23	1.75	0.125	0.08	['E1', 'E2', 'G#4', 'B4']
57.83	23	1.83	0.0625	0.17	['E1', 'E2', 'E4', 'B4']
58.0	23	2	0.5	0.5	['B3', 'B4']
58.5	23	2.5	0.25	0.25	['E4', 'G#4', 'B4']
58.75	23	2.75	0.125	0.25	['E4', 'G#4', 'B4']
59.0	23	3	0.5	0.5	['A1', 'A2', 'C5']
59.5	23	3.5	0.25	0.25	['C4', 'E4', 'A4', 'C5']
59.75	23	3.75	0.125	0.25	['C4', 'E4', 'A4', 'C5']
60.0	24	1	1.0	0.5	['E1', 'E2', 'B4']
60.5	24	1.5	0.25	0.17	['E1', 'E2', 'B4']
60.67	24	1.67	0.0625	0.17	['E1', 'E2', 'G#4', 'B4']
60.83	24	1.83	0.0625	0.17	['E1', 'E2', 'E4', 'B4']
61.0	24	2	0.5	0.5	['B3', 'B4']
61.5	24	2.5	0.25	0.5	['E4', 'G#4', 'B4']
62.0	24	3	0.5	0.5	['A1', 'A2', 'C5']
62.5	24	3.5	0.25	0.25	['A3', 'C4', 'E4', 'A4', 'B4']
62.75	24	3.75	0.125	0.25	['A3', 'C4', 'E4', 'A4']
63.0	25	1	1.0	0.25	['G1', 'G2', 'B4']
63.25	25	1.25	0.125	0.25	['G1', 'G2', 'G4']
63.5	25	1.5	0.25	0.17	['G1', 'G2', 'A4', 'B4']
63.67	25	1.67	0.0625	0.08	['G1', 'G2', 'G4', 'A4']
63.75	25	1.75	0.125	0.08	['G1', 'G2', 'G4', 'B4']
63.83	25	1.83	0.0625	0.17	['G1', 'G2', 'E4', 'B4']
64.0	25	2	0.5	0.5	['B3', 'G4']
64.5	25	2.5	0.25	0.5	['E4', 'G4', 'B4']
65.0	25	3	0.5	0.5	['B1', 'B2', 'F#4']
65.5	25	3.5	0.25	0.5	['B3', 'D#4', 'F#4', 'A4', 'B4']
66.0	26	1	1.0	0.5	['E2', 'E3', 'E4']
66.5	26	1.5	0.25	0.17	['E2', 'E3', 'E4', 'B4']
66.67	26	1.67	0.0625	0.17	['E2', 'E3', 'E4', 'G#4']
66.83	26	1.83	0.0625	0.17	['E2', 'E3', 'E4']
67.0	26	2	0.5	0.5	['B3', 'E4']
67.5	26	2.5	0.25	0.5	['E4', 'G#4', 'B4']
68.0	26	3	0.5	0.5	['E2', 'E3']
68.5	26	3.5	0.25	0.5	['B3', 'E4', 'G#4', 'B4']
69.0	27	1	1.0	0.5	['A1', 'A2', 'E5']
69.5	27	1.5	0.25	0.17	['A1', 'A2', 'C5', 'E5']
69.67	27	1.67	0.0625	0.08	['A1', 'A2', 'A4', 'E5']
69.75	27	1.75	0.125	0.08	['A1', 'A2', 'A4', 'E5']
69.83	27	1.83	0.0625	0.17	['A1', 'A2', 'E4', 'E5']
70.0	27	2	0.5	0.5	['C4', 'E5']
70.5	27	2.5	0.25	0.25	['E4', 'A4', 'C5']
70.75	27	2.75	0.125	0.25	['E4', 'A4', 'C5', 'E5']
71.0	27	3	0.5	0.33	['B1', 'B2', 'D5']
71.33	27	3.33	0.0625	0.17	['B1', 'B2', 'C5']
71.5	27	3.5	0.25	0.17	['B3', 'D4', 'G4', 'B4', 'C5']
71.67	27	3.67	0.0625	0.33	['B3', 'D4', 'G4', 'B4', 'D5']
72.0	28	1	1.0	0.5	['A1', 'A2', 'E5']
72.5	28	1.5	0.25	0.17	['A1', 'A2', 'C5', 'E5']
72.67	28	1.67	0.0625	0.17	['A1', 'A2', 'A4', 'E5']
72.83	28	1.83	0.0625	0.17	['A1', 'A2', 'E4', 'E5']
73.0	28	2	0.5	0.5	['C4', 'E5']
73.5	28	2.5	0.25	0.5	['E4', 'A4', 'C5']
74.0	28	3	0.5	0.25	['B1', 'B2', 'D5']
74.25	28	3.25	0.125	0.25	['B1', 'B2', 'D5']
74.5	28	3.5	0.25	0.25	['B3', 'D4', 'G4', 'B4', 'E5']
74.75	28	3.75	0.125	0.25	['B3', 'D4', 'G4', 'B4', 'F5']
75.0	29	1	1.0	0.5	['A1', 'A2', 'E5']
75.5	29	1.5	0.25	0.25	['A1', 'A2', 'C4', 'E4', 'A4', 'C5', 'F5']
75.75	29	1.75	0.125	0.25	['A1', 'A2', 'C4', 'E4', 'A4', 'C5', 'E5']
76.0	29	2	0.5	0.5	['B1', 'B2', 'D5']
76.5	29	2.5	0.25	0.5	['B1', 'B2', 'F4', 'A4', 'D5', 'F5']
77.0	29	3	0.5	0.5	['C2', 'C3', 'C5']
77.5	29	3.5	0.25	0.5	['C2', 'C3', 'E4', 'A4', 'C5', 'E5']
78.0	30	1	1.0	0.5	['D2', 'D3', 'B4']
78.5	30	1.5	0.25	0.5	['D2', 'D3', 'D4', 'F4', 'A4', 'B4', 'D5']
79.0	30	2	0.5	0.5	['D#2', 'D#3', 'A4']
79.5	30	2.5	0.25	0.5	['D#2', 'D#3', 'C4', 'F#4', 'A4', 'C5']
80.0	31	1	1.0	0.5	['E2', 'E3', 'E5']
80.5	31	1.5	0.25	0.17	['E2', 'E3', 'B4', 'E5']
80.67	31	1.67	0.0625	0.17	['E2', 'E3', 'G#4', 'E5']
80.83	31	1.83	0.0625	0.17	['E2', 'E3', 'E4', 'E5']
81.0	31	2	0.5	0.5	['B3', 'E5']
81.5	31	2.5	0.25	0.25	['E4', 'G#4', 'B4', 'E5']
81.75	31	2.75	0.125	0.25	['E4', 'G#4', 'B4', 'F5']
82.0	31	3	0.5	0.5	['A1', 'A2', 'E5']
82.5	31	3.5	0.25	0.25	['C4', 'E4', 'A4', 'C5', 'E5']
82.75	31	3.75	0.125	0.25	['C4', 'E4', 'A4', 'C5', 'F5']
83.0	32	1	1.0	0.5	['E2', 'E3', 'E5']
83.5	32	1.5	0.25	0.17	['E2', 'E3', 'B4', 'E5']
83.67	32	1.67	0.0625	0.17	['E2', 'E3', 'G#4', 'E5']
83.83	32	1.83	0.0625	0.17	['E2', 'E3', 'E4', 'E5']
84.0	32	2	0.5	0.5	['B3', 'E5']
84.5	32	2.5	0.25	0.25	['E4', 'G#4', 'B4', 'E5']
84.75	32	2.75	0.125	0.25	['E4', 'G#4', 'B4', 'F5']
85.0	32	3	0.5	0.5	['A1', 'A2', 'E5']
85.5	32	3.5	0.25	0.25	['C4', 'E4', 'A4', 'C5', 'E5']
85.75	32	3.75	0.125	0.25	['C4', 'E4', 'A4', 'C5', 'F5']
86.0	33	1	1.0	0.5	['E1', 'E2', 'E5']
86.5	33	1.5	0.25	0.17	['E1', 'E2', 'B4', 'E5']
86.67	33	1.67	0.0625	0.17	['E1', 'E2', 'G#4', 'E5']
86.83	33	1.83	0.0625	0.17	['E1', 'E2', 'E4', 'E5']
87.0	33	2	0.5	0.5	['B3']
87.5	33	2.5	0.25	0.5	['E4', 'G#4', 'B4']
88.0	33	3	0.5	0.5	['E2', 'E3']
88.5	33	3.5	0.25	0.25	['B3', 'E4', 'G#4', 'B4']
88.75	33	3.75	0.125	0.25	['B3', 'E4', 'G#4', 'B4']
89.0	34	1	1.0	0.5	['E2', 'E3', 'B4']
89.5	34	1.5	0.25	0.17	['E2', 'E3', 'B4']
89.67	34	1.67	0.0625	0.17	['E2', 'E3', 'G#4', 'B4']
89.83	34	1.83	0.0625	0.17	['E2', 'E3', 'E4', 'B4']
90.0	34	2	0.5	0.25	['B3', 'B4']
90.25	34	2.25	0.125	0.25	['B3', 'B4']
90.5	34	2.5	0.25	0.25	['E4', 'G#4', 'B4']
90.75	34	2.75	0.125	0.25	['E4', 'G#4', 'B4']
91.0	34	3	0.5	0.5	['A1', 'A2', 'C5']
91.5	34	3.5	0.25	0.25	['C4', 'E4', 'A4', 'C5']
91.75	34	3.75	0.125	0.25	['C4', 'E4', 'A4', 'C5']
92.0	35	1	1.0	0.5	['E2', 'E3', 'B4']
92.5	35	1.5	0.25	0.17	['E2', 'E3', 'B4']
92.67	35	1.67	0.0625	0.17	['E2', 'E3', 'G#4', 'B4']
92.83	35	1.83	0.0625	0.17	['E2', 'E3', 'E4', 'B4']
93.0	35	2	0.5	0.5	['B3', 'B4']
93.5	35	2.5	0.25	0.25	['E4', 'G#4', 'B4']
93.75	35	2.75	0.125	0.25	['E4', 'G#4', 'B4']
94.0	35	3	0.5	0.5	['A1', 'A2', 'C5']
94.5	35	3.5	0.25	0.25	['C4', 'E4', 'A4', 'B4', 'C5']
94.75	35	3.75	0.125	0.25	['C4', 'E4', 'A4', 'C5']
95.0	36	1	1.0	0.5	['G1', 'G2', 'B4']
95.5	36	1.5	0.25	0.5	['B3', 'E4', 'G4', 'B4']
96.0	36	2	0.5	0.5	['B1', 'B2', 'F#4']
96.5	36	2.5	0.25	0.5	['B3', 'D#4', 'F#4', 'A4', 'B4']
97.0	37	1	1.0	0.5	['E2', 'E3', 'E4']
97.5	37	1.5	0.25	0.17	['E2', 'E3', 'E4', 'B4']
97.67	37	1.67	0.0625	0.17	['E2', 'E3', 'E4', 'G#4']
97.83	37	1.83	0.0625	0.17	['E2', 'E3', 'E4']
98.0	37	2	0.5	0.5	['B3', 'E4']
98.5	37	2.5	0.25	0.5	['E4', 'G#4', 'B4']
99.0	37	3	0.5	0.5	['E2', 'E3']
99.5	37	3.5	0.25	0.5	['B3', 'E4', 'G#4', 'B4']
100.0	38	1	1.0	0.5	['A2', 'C#3', 'E3', 'A3', 'C#4', 'E4', 'A4', 'C#5', 'E5']
100.5	38	1.5	0.25	0.5	['E5']
101.0	38	2	0.5	0.5	['E5']
101.5	38	2.5	0.25	0.25	['C#5']
101.75	38	2.75	0.125	0.25	['E5']
102.0	38	3	0.5	0.25	['F#2', 'A2', 'C#3', 'F#3', 'F#4', 'A4', 'C#5', 'F#5']
102.25	38	3.25	0.125	0.25	['F#2', 'A2', 'C#3', 'F#3', 'F#4', 'A4', 'C#5', 'F#5']
102.5	38	3.5	0.25	0.25	['C#5']
102.75	38	3.75	0.125	0.25	['F#5']
103.0	39	1	1.0	0.5	['A2', 'C#3', 'E3', 'A3', 'C#4', 'E4', 'A4', 'C#5', 'E5']
103.5	39	1.5	0.25	0.25	['C#5']
103.75	39	1.75	0.125	0.25	['A4']
104.0	39	2	0.5	0.5	['F#2', 'A2', 'C#3', 'F#3', 'F#4', 'A4', 'C#5', 'F#5']
104.5	39	2.5	0.25	0.5	['F#4']
105.0	39	3	0.5	0.5	['F#4']
105.5	39	3.5	0.25	0.25	['G#4']
105.75	39	3.75	0.125	0.25	['A4']
106.0	40	1	1.0	0.5	['D2', 'D3', 'D4', 'F#4', 'A4', 'B4']
106.5	40	1.5	0.25	0.5	['B1', 'B2', 'D5']
107.0	40	2	0.5	0.5	['E2', 'E3', 'C#4', 'E4', 'A4', 'C#5']
107.5	40	2.5	0.25	0.5	['C#5']
108.0	40	3	0.5	0.5	['E1', 'E2', 'B3', 'D4', 'G#4', 'B4']
108.5	40	3.5	0.25	0.5	['B4']
109.0	41	1	1.0	0.5	['A1', 'A2', 'A4']
109.5	41	2	0.5	0.25	['A1', 'A2', 'A3', 'C4', 'E4', 'A4']
109.75	41	2.5	0.25	0.25	['A1', 'A2', 'E3', 'A4']
110.0	41	3	0.5	0.5	['A3', 'C4', 'E4']
110.5	42	1	1.0	0.5	['F1', 'F2']
111.0	42	1.5	0.25	0.5	['F3', 'A3', 'D4', 'F4']
111.5	42	2	0.5	0.5	['D1', 'D2']
112.0	42	2.5	0.25	0.5	['G3', 'B3', 'F4', 'G4']
112.5	43	1	1.0	0.5	['C1', 'C2']
113.0	43	2	0.5	0.25	['C1', 'C2', 'G3', 'C4', 'E4']
113.25	43	2.5	0.25	0.25	['C1', 'C2', 'E3']
113.5	43	3	0.5	0.5	['G3', 'C4', 'E4']
114.0	44	1	1.0	0.5	['F1', 'F2']
114.5	44	1.5	0.25	0.5	['D3', 'A3', 'B3', 'D4']
115.0	44	2	0.5	0.5	['E1', 'E2']
115.5	44	2.5	0.25	0.5	['E3', 'G#3', 'B3', 'E4']
116.0	45	1	1.0	0.5	['A1', 'A2']
116.5	45	2	0.5	0.25	['A1', 'A2', 'A3', 'C#4', 'E4']
116.75	45	2.5	0.25	0.25	['A1', 'A2', 'E3']
117.0	45	3	0.5	0.5	['A3', 'C#4', 'E4']
117.5	46	1	1.0	0.5	['F1', 'F2']
118.0	46	1.5	0.25	0.5	['F3', 'A3', 'D4', 'F4']
118.5	46	2	0.5	0.5	['D1', 'D2']
119.0	46	2.5	0.25	0.5	['G3', 'B3', 'F4', 'G4']
119.5	47	1	1.0	0.5	['C1', 'C2']
120.0	47	2	0.5	0.25	['C1', 'C2', 'G3', 'C4', 'E4']
120.25	47	2.5	0.25	0.25	['C1', 'C2', 'E3']
120.5	47	3	0.5	0.5	['G3', 'C4', 'E4']
121.0	48	1	1.0	0.5	['F1', 'F2']
121.5	48	1.5	0.25	0.5	['D3', 'A3', 'B3', 'D4']
122.0	48	2	0.5	0.5	['E1', 'E2']
122.5	48	2.5	0.25	0.5	['E3', 'G#3', 'B3', 'E4']
123.0	49	1	1.0	0.5	['A1', 'A2', 'E5']
123.5	49	1.5	0.25	0.17	['A1', 'A2', 'A4', 'E5']
123.67	49	1.67	0.0625	0.08	['A1', 'A2', 'E4', 'E5']
123.75	49	1.75	0.125	0.08	['A1', 'A2', 'E4', 'E5']
123.83	49	1.83	0.0625	0.17	['A1', 'A2', 'C4', 'E5']
124.0	49	2	0.5	0.5	['A3', 'E5']
124.5	49	2.5	0.25	0.5	['C4', 'E4', 'A4', 'E5']
125.0	49	3	0.5	0.25	['B1', 'B2', 'D5']
125.25	49	3.25	0.125	0.25	['B1', 'B2', 'D5']
125.5	49	3.5	0.25	0.25	['B3', 'D4', 'F4', 'B4', 'C5']
125.75	49	3.75	0.125	0.25	['B3', 'D4', 'F4', 'B4', 'D5']
126.0	50	1	1.0	0.5	['A1', 'A2', 'E5']
126.5	50	1.5	0.25	0.17	['A1', 'A2', 'A4', 'E5']
126.67	50	1.67	0.0625	0.17	['A1', 'A2', 'E4', 'E5']
126.83	50	1.83	0.0625	0.17	['A1', 'A2', 'C4', 'E5']
127.0	50	2	0.5	0.5	['A3', 'E5']
127.5	50	2.5	0.25	0.5	['C4', 'E4', 'A4']
128.0	50	3	0.5	0.5	['B1', 'B2', 'D5']
128.5	50	3.5	0.25	0.5	['G3', 'B3', 'E4', 'G4', 'E5']
129.0	51	1	1.0	0.5	['A1', 'A2', 'C5']
129.5	51	1.5	0.25	0.17	['A1', 'A2', 'A4']
129.67	51	1.67	0.0625	0.08	['A1', 'A2', 'E4', 'A4']
129.75	51	1.75	0.125	0.08	['A1', 'A2', 'E4', 'B4']
129.83	51	1.83	0.0625	0.17	['A1', 'A2', 'C4', 'B4']
130.0	51	2	0.5	0.5	['A3', 'C5']
130.5	51	2.5	0.25	0.5	['C4', 'E4', 'A4', 'C5']
131.0	51	3	0.5	0.5	['A1', 'A2', 'C5']
131.5	51	3.5	0.25	0.5	['C4', 'E4', 'A4', 'C5']
132.0	52	1	1.0	0.5	['F#1', 'F#2', 'B4']
132.5	52	1.5	0.125	0.5	['F#1', 'F#2', 'B3', 'D#4', 'A4', 'B4']
133.0	52	2	0.25	0.5	['E1', 'E2', 'E4']
133.5	52	2.5	0.125	0.17	['E1', 'E2', 'E4', 'B4']
133.67	52	2.67	0.0625	0.17	['E1', 'E2', 'E4', 'G#4']
133.83	52	2.83	0.0625	0.17	['E1', 'E2', 'E4']
134.0	52	3	0.5	0.5	['B3', 'E4']
134.5	52	3.5	0.125	0.5	['E4', 'G#4', 'B4']
135.0	52	4	0.25	0.5	['A1', 'A2', 'E4']
135.5	52	4.5	0.125	0.5	['C4', 'E4', 'A4', 'C5']
136.0	53	1	1.0	0.5	['E1', 'E2']
136.5	53	1.5	0.25	0.17	['E1', 'E2', 'B4']
136.67	53	1.67	0.0625	0.17	['E1', 'E2', 'G#4']
136.83	53	1.83	0.0625	0.17	['E1', 'E2', 'E4']
137.0	53	2	0.5	0.5	['B3']
137.5	53	2.5	0.25	0.5	['E4', 'G#4', 'B4']
138.0	53	3	0.5	0.5	['E2', 'E3']
138.5	53	3.5	0.25	0.5	['B3', 'E4', 'G#4', 'B4']
139.0	54	1	1.0	0.5	['A1', 'A2', 'E5']
139.5	54	1.5	0.25	0.17	['A1', 'A2', 'A4', 'E5']
139.67	54	1.67	0.0625	0.08	['A1', 'A2', 'E4', 'E5']
139.75	54	1.75	0.125	0.08	['A1', 'A2', 'E4', 'E5']
139.83	54	1.83	0.0625	0.17	['A1', 'A2', 'C4', 'E5']
140.0	54	2	0.5	0.5	['A3', 'E5']
140.5	54	2.5	0.25	0.5	['C4', 'E4', 'A4', 'E5']
141.0	54	3	0.5	0.5	['B1', 'B2', 'D5']
141.5	54	3.5	0.25	0.25	['G3', 'B3', 'D4', 'G4', 'C5']
141.75	54	3.75	0.125	0.25	['G3', 'B3', 'D4', 'G4', 'D5']
142.0	55	1	1.0	0.5	['A1', 'A2', 'E5']
142.5	55	1.5	0.25	0.17	['A1', 'A2', 'A4', 'E5']
142.67	55	1.67	0.0625	0.17	['A1', 'A2', 'E4', 'E5']
142.83	55	1.83	0.0625	0.17	['A1', 'A2', 'C4', 'E5']
143.0	55	2	0.5	0.5	['A3', 'E5']
143.5	55	2.5	0.25	0.5	['C4', 'E4', 'A4', 'E5']
144.0	55	3	0.5	0.25	['A1', 'A2', 'C5']
144.25	55	3.25	0.125	0.25	['A1', 'A2', 'A4']
144.5	55	3.5	0.25	0.25	['C4', 'E4', 'A4', 'B4', 'C5']
144.75	55	3.75	0.125	0.25	['C4', 'E4', 'A4', 'C5']
145.0	56	1	1.0	0.5	['F2', 'F3', 'D5']
145.5	56	1.5	0.25	0.25	['A3', 'D4', 'F4', 'A4', 'E5']
145.75	56	1.75	0.125	0.25	['A3', 'D4', 'F4', 'A4', 'F5']
146.0	56	2	0.5	0.5	['G2', 'G3', 'E5']
146.5	56	2.5	0.25	0.5	['C4', 'E4', 'G4', 'E5']
147.0	56	3	0.5	0.5	['G1', 'G2', 'D5']
147.5	56	3.5	0.25	0.5	['B3', 'F4', 'G4', 'B4', 'D5']
148.0	57	1	1.0	0.5	['C2', 'C3', 'C5']
148.5	57	1.5	0.25	0.17	['C2', 'C3', 'C5']
148.67	57	1.67	0.0625	0.17	['C2', 'C3', 'G4', 'C5']
148.83	57	1.83	0.0625	0.17	['C2', 'C3', 'E4', 'C5']
149.0	57	2	0.5	0.5	['C4', 'C5']
149.5	57	2.5	0.25	0.5	['E4', 'G4', 'C5']
150.0	57	3	0.5	0.5	['F2', 'F3', 'C5']
150.5	57	3.5	0.25	0.5	['C4', 'F4', 'A-4', 'C5']
151.0	58	1	1.0	0.5	['C2', 'C3']
151.5	58	1.5	0.25	0.17	['C2', 'C3', 'C5']
151.67	58	1.67	0.0625	0.17	['C2', 'C3', 'G4']
151.83	58	1.83	0.0625	0.17	['C2', 'C3', 'E4']
152.0	58	2	0.5	0.5	['C4']
152.5	58	2.5	0.25	0.5	['E4', 'G4', 'C5']
153.0	58	3	0.5	0.5	['A1', 'A2']
153.5	58	3.5	0.25	0.25	['C4', 'E4', 'A4', 'C5']
153.75	58	3.75	0.125	0.25	['C4', 'E4', 'A4', 'C5']
154.0	59	1	1.0	0.5	['E1', 'E2', 'E5']
154.5	59	1.5	0.25	0.17	['E1', 'E2', 'B4', 'E5']
154.67	59	1.67	0.0625	0.17	['E1', 'E2', 'G#4', 'E5']
154.83	59	1.83	0.0625	0.17	['E1', 'E2', 'E4', 'E5']
155.0	59	2	0.5	0.5	['B3', 'B4']
155.5	59	2.5	0.25	0.5	['E4', 'G#4', 'B4']
156.0	59	3	0.5	0.25	['A1', 'A2', 'C5']
156.25	59	3.25	0.125	0.25	['A1', 'A2', 'C5']
156.5	59	3.5	0.25	0.25	['C4', 'E4', 'A4', 'B4', 'C5']
156.75	59	3.75	0.125	0.25	['C4', 'E4', 'A4', 'C5']
157.0	60	1	1.0	0.25	['E1', 'E2', 'B4']
157.25	60	1.25	0.125	0.25	['E1', 'E2']
157.5	60	1.5	0.25	0.17	['E1', 'E2', 'A4', 'B4']
157.67	60	1.67	0.0625	0.08	['E1', 'E2', 'G#4', 'A4']
157.75	60	1.75	0.125	0.08	['E1', 'E2', 'G#4', 'B4']
157.83	60	1.83	0.0625	0.17	['E1', 'E2', 'E4', 'B4']
158.0	60	2	0.5	0.5	['B3', 'E5']
158.5	60	2.5	0.25	0.5	['E4', 'G#4', 'B4', 'E5']
159.0	60	3	0.5	0.25	['A1', 'A2', 'E5']
159.25	60	3.25	0.125	0.25	['A1', 'A2']
159.5	60	3.5	0.25	0.5	['A3', 'C4', 'E4', 'A4', 'C5']
160.0	61	1	1.0	0.5	['G1', 'G2', 'B4']
160.5	61	1.5	0.25	0.17	['G1', 'G2', 'A4', 'B4']
160.67	61	1.67	0.0625	0.08	['G1', 'G2', 'G4', 'A4']
160.75	61	1.75	0.125	0.08	['G1', 'G2', 'G4', 'B4']
160.83	61	1.83	0.0625	0.17	['G1', 'G2', 'E4', 'B4']
161.0	61	2	0.5	0.5	['B3', 'G4']
161.5	61	2.5	0.25	0.5	['E4', 'G4', 'B4']
162.0	61	3	0.5	0.5	['B1', 'B2', 'F#4']
162.5	61	3.5	0.25	0.5	['B3', 'D#4', 'F#4', 'A4', 'B4']
163.0	62	1	1.0	0.5	['E2', 'E3', 'E4']
163.5	62	1.5	0.25	0.17	['E2', 'E3', 'E4', 'B4']
163.67	62	1.67	0.0625	0.17	['E2', 'E3', 'E4', 'G#4']
163.83	62	1.83	0.0625	0.17	['E2', 'E3', 'E4']
164.0	62	2	0.5	0.5	['B3', 'E4']
164.5	62	2.5	0.25	0.5	['E4', 'G#4', 'B4']
165.0	62	3	0.5	0.5	['E2', 'E3', 'E4']
165.5	62	3.5	0.25	0.5	['B3', 'E4', 'G#4', 'B4']
166.0	63	1	1.0	0.5	['A1', 'A2', 'E5']
166.5	63	1.5	0.25	0.17	['A1', 'A2', 'C5', 'E5']
166.67	63	1.67	0.0625	0.08	['A1', 'A2', 'A4', 'E5']
166.75	63	1.75	0.125	0.08	['A1', 'A2', 'A4', 'E5']
166.83	63	1.83	0.0625	0.17	['A1', 'A2', 'E4', 'E5']
167.0	63	2	0.5	0.5	['C4', 'E5']
167.5	63	2.5	0.25	0.5	['E4', 'A4', 'C5', 'E5']
168.0	63	3	0.5	0.5	['B1', 'B2', 'D5']
168.5	63	3.5	0.25	0.25	['B3', 'D4', 'G4', 'B4', 'C5']
168.75	63	3.75	0.125	0.25	['B3', 'D4', 'G4', 'B4', 'D5']
169.0	64	1	1.0	0.5	['A1', 'A2', 'E5']
169.5	64	1.5	0.25	0.17	['A1', 'A2', 'C5']
169.67	64	1.67	0.0625	0.08	['A1', 'A2', 'A4', 'C5']
169.75	64	1.75	0.125	0.08	['A1', 'A2', 'A4', 'B4']
169.83	64	1.83	0.0625	0.17	['A1', 'A2', 'E4', 'B4']
170.0	64	2	0.5	0.5	['C4', 'A4']
170.5	64	2.5	0.25	0.5	['E4', 'A4', 'C5']
171.0	64	3	0.5	0.5	['A1', 'A2']
171.5	64	3.5	0.25	0.5	['B3', 'D4', 'G4', 'B4', 'C5']
172.0	65	1	1.0	0.5	['B1', 'B2', 'D5']
172.5	65	1.5	0.25	0.25	['F4', 'A4', 'D5', 'E5', 'F5']
172.75	65	1.75	0.125	0.25	['F4', 'A4', 'D5', 'F5']
173.0	65	2	0.5	0.5	['C2', 'C3', 'E5']
173.5	65	2.5	0.25	0.5	['E4', 'A4', 'C5', 'E5']
174.0	65	3	0.5	0.5	['D2', 'D3', 'D5']
174.5	65	3.5	0.25	0.5	['D4', 'F4', 'A4', 'D5']
175.0	66	1	1.0	0.5	['E2', 'E3', 'C5']
175.5	66	1.5	0.25	0.5	['C4', 'E4', 'A4', 'C5']
176.0	66	2	0.5	0.5	['F2', 'F3', 'B4']
176.5	66	2.5	0.25	0.5	['B3', 'D4', 'A4', 'B4']
177.0	66	3	0.5	0.5	['F#2', 'F#3', 'A4']
177.5	66	3.5	0.25	0.5	['B3', 'D#4', 'A4', 'B4']
178.0	67	1	1.0	0.5	['E2', 'E3', 'E5']
178.5	67	1.5	0.25	0.17	['E2', 'E3', 'B4', 'E5']
178.67	67	1.67	0.0625	0.17	['E2', 'E3', 'G#4', 'E5']
178.83	67	1.83	0.0625	0.17	['E2', 'E3', 'E4', 'E5']
179.0	67	2	0.5	0.5	['B3', 'E5']
179.5	67	2.5	0.25	0.25	['E4', 'G#4', 'B4', 'E5']
179.75	67	2.75	0.125	0.25	['E4', 'G#4', 'B4', 'F5']
180.0	67	3	0.5	0.5	['A1', 'A2', 'E5']
180.5	67	3.5	0.25	0.25	['C4', 'E4', 'A4', 'C5', 'E5']
180.75	67	3.75	0.125	0.25	['C4', 'E4', 'A4', 'C5', 'F5']
181.0	68	1	1.0	0.5	['E2', 'E3', 'E5']
181.5	68	1.5	0.25	0.17	['E2', 'E3', 'B4', 'E5']
181.67	68	1.67	0.0625	0.17	['E2', 'E3', 'G#4', 'E5']
181.83	68	1.83	0.0625	0.17	['E2', 'E3', 'E4', 'E5']
182.0	68	2	0.5	0.5	['B3', 'E5']
182.5	68	2.5	0.25	0.25	['E4', 'G#4', 'B4', 'E5']
182.75	68	2.75	0.125	0.25	['E4', 'G#4', 'B4', 'F5']
183.0	68	3	0.5	0.5	['A1', 'A2', 'E5']
183.5	68	3.5	0.25	0.25	['C4', 'E4', 'A4', 'C5', 'E5']
183.75	68	3.75	0.125	0.25	['C4', 'E4', 'A4', 'C5', 'F5']
184.0	69	1	1.0	0.5	['E2', 'E3', 'E5']
184.5	69	1.5	0.25	0.17	['E2', 'E3', 'B4', 'E5']
184.67	69	1.67	0.0625	0.17	['E2', 'E3', 'G#4', 'E5']
184.83	69	1.83	0.0625	0.17	['E2', 'E3', 'E4', 'E5']
185.0	69	2	0.5	0.5	['B3', 'E5']
185.5	69	2.5	0.25	0.5	['E4', 'G#4', 'B4', 'E5']
186.0	69	3	0.5	0.5	['E2', 'E3', 'E5']
186.5	69	3.5	0.25	0.5	['B3', 'E4', 'G#4', 'B4']
187.0	70	1	1.0	0.5	['C2', 'C3', 'C4', 'E4', 'G4', 'C5', 'E5']
187.5	70	1.5	0.25	0.25	['C2', 'C3', 'C4', 'E4', 'G4', 'C5', 'E5']
187.75	70	1.75	0.125	0.25	['E4']
188.0	70	2	0.5	0.33	['G4']
188.33	70	2.33	0.0625	0.17	['A4']
188.5	70	2.5	0.25	0.17	['G3', 'C4', 'E4', 'A4']
188.67	70	2.67	0.0625	0.33	['G3', 'C4', 'E4', 'B4']
189.0	70	3	0.5	0.5	['E3', 'C5']
189.5	70	3.5	0.25	0.5	['G3', 'C4', 'E4', 'D5']
190.0	71	1	1.0	0.5	['D3', 'C5', 'F5']
190.5	71	1.5	0.25	0.5	['G3', 'B3', 'F4', 'B4', 'F5']
191.0	71	2	0.5	0.25	['G3', 'B3', 'F4', 'B4', 'F5']
191.25	71	2.25	0.125	0.25	['B4']
191.5	71	2.5	0.25	0.25	['G3', 'B3', 'F4', 'A4', 'B4', 'F5']
191.75	71	2.75	0.125	0.25	['G3', 'B3', 'F4', 'B4', 'F5']
192.0	71	3	0.5	0.25	['G3', 'B3', 'F4', 'B4', 'C5', 'F5']
192.25	71	3.25	0.125	0.25	['G3', 'B3', 'F4', 'B4', 'F5']
192.5	71	3.5	0.25	0.25	['G3', 'B3', 'F4', 'A4', 'B4', 'F5']
192.75	71	3.75	0.125	0.25	['G3', 'B3', 'F4', 'B4', 'C5', 'F5']
193.0	72	1	1.0	0.5	['D2', 'D3', 'B4']
193.5	72	1.5	0.25	0.17	['D2', 'D3', 'B4']
193.67	72	1.67	0.0625	0.17	['D2', 'D3', 'A4', 'B4']
193.83	72	1.83	0.0625	0.17	['D2', 'D3', 'F4', 'B4']
194.0	72	2	0.5	0.5	['B3', 'B4']
194.5	72	2.5	0.25	0.5	['F4', 'A4', 'B4']
195.0	72	3	0.5	0.5	['D#2', 'D#3', 'A4']
195.5	72	3.5	0.25	0.5	['C4', 'F#4', 'A4', 'C5']
196.0	73	1	1.0	0.5	['E2', 'E3', 'E4']
196.5	73	1.5	0.25	0.17	['E2', 'E3', 'E4', 'B4']
196.67	73	1.67	0.0625	0.17	['E2', 'E3', 'E4', 'G#4']
196.83	73	1.83	0.0625	0.17	['E2', 'E3', 'E4']
197.0	73	2	0.5	0.5	['B3', 'E4']
197.5	73	2.5	0.25	0.5	['E4', 'G#4', 'B4']
198.0	73	3	0.5	0.5	['E2', 'E3', 'E4']
198.5	73	3.5	0.25	0.5	['B3', 'E4', 'G#4', 'B4']
199.0	74	1	1.0	0.5	['A1', 'C#2', 'E2', 'A2', 'C#4', 'E4', 'A4', 'C#5', 'E5']
199.5	74	1.5	0.25	0.5	['E5']
200.0	74	2	0.5	0.25	['E4']
200.25	74	2.25	0.125	0.25	['A4']
200.5	74	2.5	0.25	0.25	['C#5']
200.75	74	2.75	0.125	0.25	['E5']
201.0	74	3	0.5	0.5	['F#1', 'A1', 'C#2', 'F#2', 'F#4', 'A4', 'C#5', 'F#5']
201.5	74	3.5	0.25	0.25	['F#1', 'A1', 'C#2', 'F#2', 'F#4', 'A4', 'C#5', 'F#5']
201.75	74	3.75	0.125	0.25	['A5']
202.0	75	1	1.0	0.5	['A1', 'C#2', 'E2', 'A2', 'C#4', 'E4', 'A4', 'C#5', 'E5']
202.5	75	1.5	0.25	0.25	['A1', 'C#2', 'E2', 'A2', 'C#4', 'E4', 'A4', 'C#5', 'E5']
202.75	75	1.75	0.125	0.25	['C#5']
203.0	75	2	0.5	1.0	['F#1', 'A1', 'C#2', 'F#2', 'F#4', 'A4', 'C#5', 'F#5']
204.0	75	3	0.5	0.5	['A4']
204.5	75	3.5	0.25	0.25	['F#4']
204.75	75	3.75	0.125	0.25	['G#4']
205.0	76	1	1.0	0.5	['D2', 'D3', 'D4', 'F#4', 'A4']
205.5	76	1.5	0.25	0.25	['B1', 'B2', 'D4', 'F#4', 'A4', 'B4']
205.75	76	1.75	0.125	0.25	['B1', 'B2', 'D4', 'F#4', 'A4', 'B4', 'D5']
206.0	76	2	0.5	0.5	['E2', 'E3', 'C#4', 'E4', 'A4', 'C#5']
206.5	76	2.5	0.25	0.5	['C#5']
207.0	76	3	0.5	0.5	['E1', 'E2', 'B3', 'D4', 'G#4', 'B4']
207.5	76	3.5	0.25	0.5	['B4']
208.0	77	1	1.0	0.5	['A1', 'A2', 'A4']
208.5	77	2	0.5	0.25	['A1', 'A2', 'A3', 'C4', 'E4', 'A4']
208.75	77	2.5	0.25	0.25	['A1', 'A2', 'E3', 'A4']
209.0	77	3	0.5	0.5	['A3', 'C4', 'E4']
209.5	78	1	1.0	0.5	['F1', 'F2']
210.0	78	1.5	0.25	0.5	['F3', 'A3', 'D4', 'F4']
210.5	78	2	0.5	0.5	['D1', 'D2']
211.0	78	2.5	0.25	0.5	['G3', 'B3', 'F4', 'G4']
211.5	79	1	1.0	0.5	['C1', 'C2']
212.0	79	2	0.5	0.25	['C1', 'C2', 'G3', 'C4', 'E4']
212.25	79	2.5	0.25	0.25	['C1', 'C2', 'E3']
212.5	79	3	0.5	0.5	['G3', 'C4', 'E4']
213.0	80	1	1.0	0.5	['F1', 'F2']
213.5	80	1.5	0.25	0.5	['D3', 'A3', 'B3', 'D4']
214.0	80	2	0.5	0.5	['E1', 'E2']
214.5	80	2.5	0.25	0.5	['E3', 'G#3', 'B3', 'E4']
215.0	81	1	1.0	0.5	['A1', 'A2']
215.5	81	2	0.5	0.25	['A1', 'A2', 'A3', 'C#4', 'E4']
215.75	81	2.5	0.25	0.25	['A1', 'A2', 'E3']
216.0	81	3	0.5	0.5	['A3', 'C#4', 'E4']
216.5	82	1	1.0	0.5	['F1', 'F2']
217.0	82	1.5	0.25	0.5	['F3', 'A3', 'D4', 'F4']
217.5	82	2	0.5	0.5	['D1', 'D2']
218.0	82	2.5	0.25	0.5	['G3', 'B3', 'F4', 'G4']
218.5	83	1	1.0	0.5	['C1', 'C2']
219.0	83	2	0.5	0.25	['C1', 'C2', 'G3', 'C4', 'E4']
219.25	83	2.5	0.25	0.25	['C1', 'C2', 'E3']
219.5	83	3	0.5	0.5	['G3', 'C4', 'E4']
220.0	84	1	1.0	0.5	['F1', 'F2']
220.5	84	1.5	0.25	0.5	['D3', 'A3', 'B3', 'D4']
221.0	84	2	0.5	0.5	['E1', 'E2']
221.5	84	2.5	0.25	0.5	['E3', 'G#3', 'B3', 'E4', 'E5']
222.0	85	1	1.0	0.5	['A1', 'A2', 'E5']
222.5	85	1.5	0.25	0.17	['A1', 'A2', 'A4', 'E5']
222.67	85	1.67	0.0625	0.08	['A1', 'A2', 'E4', 'E5']
222.75	85	1.75	0.125	0.08	['A1', 'A2', 'E4', 'E5']
222.83	85	1.83	0.0625	0.17	['A1', 'A2', 'C4', 'E5']
223.0	85	2	0.5	0.5	['A3', 'E5']
223.5	85	2.5	0.25	0.5	['C4', 'E4', 'A4', 'E5']
224.0	85	3	0.5	0.5	['B1', 'B2', 'D5']
224.5	85	3.5	0.25	0.25	['G3', 'B3', 'D4', 'G4', 'C5']
224.75	85	3.75	0.125	0.25	['G3', 'B3', 'D4', 'G4', 'D5']
225.0	86	1	1.0	0.5	['A1', 'A2', 'E5']
225.5	86	1.5	0.25	0.17	['A1', 'A2', 'A4', 'E5']
225.67	86	1.67	0.0625	0.17	['A1', 'A2', 'E4', 'E5']
225.83	86	1.83	0.0625	0.17	['A1', 'A2', 'C4', 'E5']
226.0	86	2	0.5	0.5	['A3', 'E5']
226.5	86	2.5	0.25	0.5	['C4', 'E4', 'A4']
227.0	86	3	0.5	0.5	['B1', 'B2', 'D5']
227.5	86	3.5	0.25	0.5	['G3', 'B3', 'E4', 'G4', 'E5']
228.0	87	1	1.0	0.25	['A1', 'A2', 'C5']
228.25	87	1.25	0.125	0.25	['A1', 'A2', 'B4']
228.5	87	1.5	0.25	0.17	['A1', 'A2', 'A4']
228.67	87	1.67	0.0625	0.08	['A1', 'A2', 'E4', 'A4']
228.75	87	1.75	0.125	0.08	['A1', 'A2', 'E4', 'B4']
228.83	87	1.83	0.0625	0.17	['A1', 'A2', 'C4', 'B4']
229.0	87	2	0.5	0.5	['A3', 'C5']
229.5	87	2.5	0.25	0.5	['C4', 'E4', 'A4', 'C5']
230.0	87	3	0.5	0.5	['A1', 'A2', 'C5']
230.5	87	3.5	0.25	0.5	['C4', 'E4', 'A4', 'C5']
231.0	88	1	1.0	0.5	['F#1', 'F#2', 'B4']
231.5	88	1.5	0.125	0.5	['F#1', 'F#2', 'B3', 'D#4', 'A4', 'B4']
232.0	88	2	0.25	0.5	['E1', 'E2', 'E4']
232.5	88	2.5	0.125	0.17	['E1', 'E2', 'E4', 'B4']
232.67	88	2.67	0.0625	0.17	['E1', 'E2', 'E4', 'G#4']
232.83	88	2.83	0.0625	0.17	['E1', 'E2', 'E4']
233.0	88	3	0.5	0.5	['B3', 'E4']
233.5	88	3.5	0.125	0.5	['E4', 'G#4', 'B4']
234.0	88	4	0.25	0.5	['A1', 'A2', 'E4']
234.5	88	4.5	0.125	0.5	['C4', 'E4', 'A4', 'C5']
235.0	89	1	1.0	0.5	['E1', 'E2', 'E4']
235.5	89	1.5	0.25	0.17	['E1', 'E2', 'E4', 'B4']
235.67	89	1.67	0.0625	0.17	['E1', 'E2', 'E4', 'G#4']
235.83	89	1.83	0.0625	0.17	['E1', 'E2', 'E4']
236.0	89	2	0.5	0.5	['B3']
236.5	89	2.5	0.25	0.5	['E4', 'G#4', 'B4']
237.0	89	3	0.5	0.5	['E2', 'E3']
237.5	89	3.5	0.25	0.5	['B3', 'E4', 'G#4', 'B4']
238.0	90	1	1.0	0.5	['A1', 'A2', 'E5']
238.5	90	1.5	0.25	0.17	['A1', 'A2', 'A4', 'E5']
238.67	90	1.67	0.0625	0.08	['A1', 'A2', 'E4', 'E5']
238.75	90	1.75	0.125	0.08	['A1', 'A2', 'E4', 'E5']
238.83	90	1.83	0.0625	0.17	['A1', 'A2', 'C4', 'E5']
239.0	90	2	0.5	0.5	['A3', 'E5']
239.5	90	2.5	0.25	0.5	['C4', 'E4', 'A4', 'E5']
240.0	90	3	0.5	0.33	['B1', 'B2', 'D5']
240.33	90	3.33	0.0625	0.17	['B1', 'B2', 'C5']
240.5	90	3.5	0.25	0.17	['G3', 'B3', 'D4', 'G4', 'C5']
240.67	90	3.67	0.0625	0.33	['G3', 'B3', 'D4', 'G4', 'D5']
241.0	91	1	1.0	0.5	['A1', 'A2', 'E5']
241.5	91	1.5	0.25	0.17	['A1', 'A2', 'A4', 'E5']
241.67	91	1.67	0.0625	0.17	['A1', 'A2', 'E4', 'E5']
241.83	91	1.83	0.0625	0.17	['A1', 'A2', 'C4', 'E5']
242.0	91	2	0.5	0.25	['A3', 'E5']
242.25	91	2.25	0.125	0.25	['A3']
242.5	91	2.5	0.25	0.5	['C4', 'E4', 'A4', 'C5']
243.0	91	3	0.5	0.5	['A1', 'A2', 'A4']
243.5	91	3.5	0.25	0.25	['C4', 'E4', 'A4', 'B4', 'C5']
243.75	91	3.75	0.125	0.25	['C4', 'E4', 'A4', 'C5']
244.0	92	1	1.0	0.5	['F2', 'F3', 'D5']
244.5	92	1.5	0.25	0.25	['A3', 'D4', 'F4', 'A4', 'E5']
244.75	92	1.75	0.125	0.25	['A3', 'D4', 'F4', 'A4', 'F5']
245.0	92	2	0.5	0.5	['G2', 'G3', 'E5']
245.5	92	2.5	0.25	0.5	['C4', 'E4', 'G4', 'E5']
246.0	92	3	0.5	0.5	['G1', 'G2', 'D5']
246.5	92	3.5	0.25	0.5	['B3', 'F4', 'G4', 'B4', 'D5']
247.0	93	1	1.0	0.5	['C2', 'C3', 'C5']
247.5	93	1.5	0.25	0.17	['C2', 'C3', 'C5']
247.67	93	1.67	0.0625	0.17	['C2', 'C3', 'G4', 'C5']
247.83	93	1.83	0.0625	0.17	['C2', 'C3', 'E4', 'C5']
248.0	93	2	0.5	0.5	['C4', 'C5']
248.5	93	2.5	0.25	0.5	['E4', 'G4', 'C5']
249.0	93	3	0.5	0.5	['F1', 'F2']
249.5	93	3.5	0.25	0.5	['C4', 'F4', 'A-4', 'C5']
250.0	94	1	1.0	0.5	['C2', 'C3']
250.5	94	1.5	0.25	0.17	['C2', 'C3', 'C5']
250.67	94	1.67	0.0625	0.17	['C2', 'C3', 'G4']
250.83	94	1.83	0.0625	0.17	['C2', 'C3', 'E4']
251.0	94	2	0.5	0.5	['C4']
251.5	94	2.5	0.25	0.5	['E4', 'G4', 'C5']
252.0	94	3	0.5	0.5	['A1', 'A2', 'E4']
252.5	94	3.5	0.25	0.25	['C4', 'E4', 'A4', 'C5']
252.75	94	3.75	0.125	0.25	['C4', 'E4', 'A4', 'C5']
253.0	95	1	1.0	0.5	['E1', 'E2', 'B4']
253.5	95	1.5	0.25	0.17	['E1', 'E2', 'B4']
253.67	95	1.67	0.0625	0.17	['E1', 'E2', 'G#4', 'B4']
253.83	95	1.83	0.0625	0.17	['E1', 'E2', 'E4', 'B4']
254.0	95	2	0.5	0.5	['B3', 'B4']
254.5	95	2.5	0.25	0.25	['E4', 'G#4', 'B4']
254.75	95	2.75	0.125	0.25	['E4', 'G#4', 'B4']
255.0	95	3	0.5	0.5	['A1', 'A2', 'C5']
255.5	95	3.5	0.25	0.25	['C4', 'E4', 'A4', 'C5']
255.75	95	3.75	0.125	0.25	['C4', 'E4', 'A4', 'C5']
256.0	96	1	1.0	0.5	['E1', 'E2', 'B4']
256.5	96	1.5	0.25	0.17	['E1', 'E2', 'B4']
256.67	96	1.67	0.0625	0.17	['E1', 'E2', 'G#4', 'B4']
256.83	96	1.83	0.0625	0.17	['E1', 'E2', 'E4', 'B4']
257.0	96	2	0.5	0.5	['B3', 'B4']
257.5	96	2.5	0.25	0.5	['E4', 'G#4', 'B4']
258.0	96	3	0.5	0.5	['A1', 'A2', 'C5']
258.5	96	3.5	0.25	0.25	['A3', 'C4', 'E4', 'A4']
258.75	96	3.75	0.125	0.25	['A3', 'C4', 'E4', 'A4']
259.0	97	1	1.0	0.25	['G1', 'G2', 'B4']
259.25	97	1.25	0.125	0.25	['G1', 'G2', 'G4']
259.5	97	1.5	0.25	0.17	['G1', 'G2', 'A4', 'B4']
259.67	97	1.67	0.0625	0.08	['G1', 'G2', 'G4', 'A4']
259.75	97	1.75	0.125	0.08	['G1', 'G2', 'G4', 'B4']
259.83	97	1.83	0.0625	0.17	['G1', 'G2', 'E4', 'B4']
260.0	97	2	0.5	0.5	['B3', 'G4']
260.5	97	2.5	0.25	0.5	['E4', 'G4', 'B4']
261.0	97	3	0.5	0.5	['B1', 'B2', 'F#4']
261.5	97	3.5	0.25	0.5	['B3', 'D#4', 'F#4', 'A4', 'B4']
262.0	98	1	1.0	0.5	['E2', 'E3', 'E4']
262.5	98	1.5	0.25	0.17	['E2', 'E3', 'E4', 'B4']
262.67	98	1.67	0.0625	0.17	['E2', 'E3', 'E4', 'G#4']
262.83	98	1.83	0.0625	0.17	['E2', 'E3', 'E4']
263.0	98	2	0.5	0.5	['B3', 'E4']
263.5	98	2.5	0.25	0.5	['E4', 'G#4', 'B4']
264.0	98	3	0.5	0.5	['E2', 'E3', 'E4']
264.5	98	3.5	0.25	0.5	['B3', 'E4', 'G#4', 'B4']
265.0	99	1	1.0	0.5	['A1', 'A2', 'E5']
265.5	99	1.5	0.25	0.17	['A1', 'A2', 'C5', 'E5']
265.67	99	1.67	0.0625	0.08	['A1', 'A2', 'A4', 'E5']
265.75	99	1.75	0.125	0.08	['A1', 'A2', 'A4', 'E5']
265.83	99	1.83	0.0625	0.17	['A1', 'A2', 'E4', 'E5']
266.0	99	2	0.5	0.5	['C4', 'E5']
266.5	99	2.5	0.25	0.5	['E4', 'A4', 'C5', 'E5']
267.0	99	3	0.5	0.5	['B1', 'B2', 'D5']
267.5	99	3.5	0.25	0.25	['B3', 'D4', 'G4', 'B4', 'C5']
267.75	99	3.75	0.125	0.25	['B3', 'D4', 'G4', 'B4', 'D5']
268.0	100	1	1.0	0.5	['A1', 'A2', 'E5']
268.5	100	1.5	0.25	0.17	['A1', 'A2', 'C5', 'E5']
268.67	100	1.67	0.0625	0.08	['A1', 'A2', 'A4', 'E5']
268.75	100	1.75	0.125	0.08	['A1', 'A2', 'A4', 'C5']
268.83	100	1.83	0.0625	0.17	['A1', 'A2', 'E4', 'C5']
269.0	100	2	0.5	0.5	['C4', 'A4']
269.5	100	2.5	0.25	0.5	['E4', 'A4', 'C5']
270.0	100	3	0.5	0.5	['A1', 'A2', 'A4']
270.5	100	3.5	0.25	0.25	['C4', 'E4', 'A4', 'B4', 'C5']
270.75	100	3.75	0.125	0.25	['C4', 'E4', 'A4', 'C5']
271.0	101	1	1.0	0.5	['B1', 'B2', 'D5']
271.5	101	1.5	0.25	0.25	['F4', 'A4', 'D5', 'E5', 'F5']
271.75	101	1.75	0.125	0.25	['F4', 'A4', 'D5', 'F5']
272.0	101	2	0.5	0.5	['C2', 'C3', 'E5']
272.5	101	2.5	0.25	0.5	['E4', 'A4', 'C5', 'E5']
273.0	101	3	0.5	0.5	['D2', 'D3', 'D5']
273.5	101	3.5	0.25	0.5	['D4', 'F4', 'A4', 'D5']
274.0	102	1	1.0	0.5	['E2', 'E3', 'C5']
274.5	102	1.5	0.25	0.5	['C4', 'E4', 'A4', 'C5']
275.0	102	2	0.5	0.5	['F2', 'F3', 'B4']
275.5	102	2.5	0.25	0.5	['B3', 'D4', 'A4', 'B4']
276.0	102	3	0.5	0.5	['F#2', 'F#3', 'A4']
276.5	102	3.5	0.25	0.5	['B3', 'D#4', 'A4', 'B4']
277.0	103	1	1.0	0.5	['E2', 'E3', 'E5']
277.5	103	1.5	0.25	0.17	['E2', 'E3', 'B4', 'E5']
277.67	103	1.67	0.0625	0.17	['E2', 'E3', 'G#4', 'E5']
277.83	103	1.83	0.0625	0.17	['E2', 'E3', 'E4', 'E5']
278.0	103	2	0.5	0.5	['B3', 'E5']
278.5	103	2.5	0.25	0.25	['E4', 'G#4', 'B4', 'E5']
278.75	103	2.75	0.125	0.25	['E4', 'G#4', 'B4', 'F5']
279.0	103	3	0.5	0.5	['A1', 'A2', 'E5']
279.5	103	3.5	0.25	0.25	['C4', 'E4', 'A4', 'C5', 'E5']
279.75	103	3.75	0.125	0.25	['C4', 'E4', 'A4', 'C5', 'F5']
280.0	104	1	1.0	0.5	['E2', 'E3', 'E5']
280.5	104	1.5	0.25	0.17	['E2', 'E3', 'B4', 'E5']
280.67	104	1.67	0.0625	0.17	['E2', 'E3', 'G#4', 'E5']
280.83	104	1.83	0.0625	0.17	['E2', 'E3', 'E4', 'E5']
281.0	104	2	0.5	0.5	['B3', 'E5']
281.5	104	2.5	0.25	0.25	['E4', 'G#4', 'B4', 'E5']
281.75	104	2.75	0.125	0.25	['E4', 'G#4', 'B4', 'F5']
282.0	104	3	0.5	0.5	['A1', 'A2', 'E5']
282.5	104	3.5	0.25	0.25	['C4', 'E4', 'A4', 'C5', 'E5']
282.75	104	3.75	0.125	0.25	['C4', 'E4', 'A4', 'C5', 'F5']
283.0	105	1	1.0	0.5	['E2', 'E3', 'E5']
283.5	105	1.5	0.25	0.17	['E2', 'E3', 'B4', 'E5']
283.67	105	1.67	0.0625	0.17	['E2', 'E3', 'G#4', 'E5']
283.83	105	1.83	0.0625	0.17	['E2', 'E3', 'E4', 'E5']
284.0	105	2	0.5	0.5	['B3', 'E5']
284.5	105	2.5	0.25	0.5	['E4', 'G#4', 'B4']
285.0	105	3	0.5	0.5	['E2', 'E3']
285.5	105	3.5	0.25	0.5	['B3', 'E4', 'G#4', 'B4']
286.0	106	1	1.0	0.5	['C2', 'E2', 'G2', 'C3', 'E4', 'G4', 'C5', 'E5', 'G5']
286.5	106	1.5	0.25	0.25	['E4', 'G4', 'C5', 'E5', 'G5']
286.75	106	1.75	0.125	0.25	['E4']
287.0	106	2	0.5	0.5	['G4']
287.5	106	2.5	0.25	0.5	['G3', 'C4', 'E4', 'G4']
288.0	106	3	0.5	0.25	['E3', 'A4']
288.25	106	3.25	0.125	0.25	['E3', 'B4']
288.5	106	3.5	0.25	0.25	['G3', 'C4', 'E4', 'C5']
288.75	106	3.75	0.125	0.25	['G3', 'C4', 'E4', 'D5']
289.0	107	1	1.0	0.5	['D3', 'C5', 'F5']
289.5	107	1.5	0.25	1.0	['G3', 'B3', 'D4', 'F4', 'B4', 'F5']
290.5	107	2.5	0.25	0.5	['G3', 'B3', 'D4', 'F4', 'B4', 'F5']
291.0	107	3	0.5	0.25	['G3', 'B3', 'D4', 'F4', 'B4', 'F5']
291.25	107	3.25	0.125	0.25	['G3', 'B3', 'D4', 'F4', 'B4', 'F5']
291.5	107	3.5	0.25	0.5	['G3', 'B3', 'D4', 'F4', 'A4', 'F5']
292.0	108	1	1.0	0.5	['G2', 'A4', 'F5']
292.5	108	1.5	0.25	0.5	['G3', 'B3', 'D4', 'F4', 'G4', 'F5']
293.0	108	2	0.5	0.5	['G3', 'B3', 'D4', 'F4', 'G4', 'F5']
293.5	108	2.5	0.25	0.5	['G3', 'B3', 'D4', 'F4', 'G4']
294.0	108	3	0.5	0.25	['G3', 'B3', 'D4', 'F4', 'G4', 'A4']
294.25	108	3.25	0.125	0.25	['G3', 'B3', 'D4', 'F4', 'G4', 'B4']
294.5	108	3.5	0.25	0.25	['G3', 'B3', 'D4', 'F4', 'G4', 'C5']
294.75	108	3.75	0.125	0.25	['G3', 'B3', 'D4', 'F4', 'G4', 'D5']
295.0	109	1	1.0	0.5	['E2', 'G#4', 'D5', 'E5']
295.5	109	1.5	0.25	0.25	['E2', 'E3', 'G#3', 'B3', 'D4', 'E4', 'G#4', 'D5', 'E5']
295.75	109	1.75	0.125	0.25	['E2', 'E3', 'G#3', 'B3', 'D4', 'E4', 'F#5']
296.0	109	2	0.5	0.5	['E2', 'E3', 'G#3', 'B3', 'D4', 'E4', 'G#4', 'D5', 'E5']
296.5	109	2.5	0.25	0.5	['E2', 'E3', 'G#3', 'B3', 'D4', 'E4', 'G#4', 'D5', 'E5']
297.0	109	3	0.5	0.5	['E3', 'G#3', 'B3', 'D4', 'E4', 'G#4', 'D5', 'E5']
297.5	109	3.5	0.25	0.5	['E3', 'G#3', 'B3', 'D4', 'E4']
298.0	110	1	1.0	0.5	['A2', 'C#3', 'E3', 'A3', 'A4', 'C#5', 'E5']
298.5	110	1.5	0.25	0.25	['E5']
298.75	110	1.75	0.125	0.25	['C#5']
299.0	110	2	0.5	0.5	['E5']
299.5	110	2.5	0.25	0.25	['E5']
299.75	110	2.75	0.125	0.25	['E5']
300.0	110	3	0.5	0.5	['F#2', 'A2', 'C#3', 'F#3', 'A4', 'C#5', 'F#5', 'A5']
300.5	110	3.5	0.25	0.25	['C#5']
300.75	110	3.75	0.125	0.25	['A4']
301.0	111	1	1.0	0.5	['A2', 'C#3', 'E3', 'A3', 'A4', 'C#5', 'E5']
301.5	111	1.5	0.25	0.25	['C#5']
301.75	111	1.75	0.125	0.25	['A4']
302.0	111	2	0.5	0.5	['F#2', 'A2', 'C#3', 'F#3', 'F#4', 'A4', 'C#5', 'F#5', 'A5']
302.5	111	2.5	0.25	0.5	['F#4']
303.0	111	3	0.5	0.5	['F#4']
303.5	111	3.5	0.25	0.25	['G#4']
303.75	111	3.75	0.125	0.25	['A4']
304.0	112	1	1.0	0.5	['D2', 'D3', 'D4', 'F#4', 'A4', 'B4']
304.5	112	1.5	0.25	0.5	['B1', 'B2', 'D5']
305.0	112	2	0.5	0.5	['E2', 'E3', 'C#4', 'E4', 'A4', 'C#5', 'E5']
305.5	112	2.5	0.25	0.5	['E2', 'E3', 'E5']
306.0	112	3	0.5	0.5	['E1', 'E2', 'B3', 'D4', 'G#4', 'B4', 'E5']
306.5	112	3.5	0.25	0.5	['E1', 'E2', 'E5']
307.0	113	1	1.0	0.5	['A1', 'A2', 'A3', 'C#4', 'E4', 'A4']
307.5	113	1.5	0.25	0.25	['A1', 'A2', 'A3', 'C#4', 'E4', 'A4']
307.75	113	1.75	0.125	0.25	['A1', 'A2', 'E3', 'A4']
308.0	113	2	0.5	0.5	['A3', 'C#4', 'E4']
308.5	113	2.5	0.25	0.5	['E3', 'A3', 'C#4', 'E4']
309.0	113	3	0.5	0.5	['E1', 'E2']
309.5	113	3.5	0.25	0.5	['E3', 'A3', 'C#4', 'E4']
310.0	114	1	1.0	0.5	['A1', 'A2']
310.5	114	1.5	0.25	0.25	['A1', 'A2', 'A3', 'C#4', 'E4']
310.75	114	1.75	0.125	0.25	['A1', 'A2', 'E3']
311.0	114	2	0.5	0.5	['A3', 'C#4', 'E4']
311.5	114	2.5	0.25	0.5	['E3', 'A3', 'C#4', 'E4']
312.0	114	3	0.5	0.33	['E1', 'E2']
312.33	114	3.33	0.0625	0.17	['E1', 'E2', 'A4', 'C#5']
312.5	114	3.5	0.25	0.17	['A4', 'C#5']
312.67	114	3.67	0.0625	0.33	['B4', 'D5']
313.0	115	1	1.0	0.33	['A1', 'A2', 'C#5', 'E5']
313.33	115	1.33	0.0625	0.33	['A1', 'A2', 'C#5', 'F#5']
313.67	115	1.67	0.0625	0.33	['A1', 'A2', 'C#5', 'G#5']
314.0	115	2	0.5	0.5	['E4', 'C#5', 'A5']
314.5	115	2.5	0.25	0.5	['E3', 'C#5', 'B5']
315.0	116	1	1.0	0.5	['B1', 'D5', 'E5', 'A5']
315.5	116	1.5	0.25	0.5	['B1', 'D5', 'E5', 'G#5']
316.0	116	2	0.5	0.33	['B1', 'D4', 'E4', 'E5']
316.33	116	2.33	0.0625	0.17	['B1', 'D4', 'E4', 'D5', 'E5', 'F#5']
316.5	116	2.5	0.25	0.17	['E3', 'D5', 'E5', 'F#5']
316.67	116	2.67	0.0625	0.33	['E3', 'D5', 'E5', 'A5']
317.0	117	1	1.0	0.5	['E1', 'D5', 'E5', 'G#5']
317.5	117	1.5	0.25	0.5	['E1', 'D5', 'E5', 'F#5']
318.0	117	2	0.5	0.33	['E1', 'D4', 'E4', 'E5']
318.33	117	2.33	0.0625	0.17	['E1', 'D4', 'E4', 'D5', 'E5']
318.5	117	2.5	0.25	0.17	['E3', 'D5', 'E5']
318.67	117	2.67	0.0625	0.33	['E3', 'D5', 'G#5']
319.0	118	1	1.0	0.5	['A1', 'C#5', 'F#5']
319.5	118	1.5	0.25	0.5	['A1', 'C#5', 'E5']
320.0	118	2	0.5	0.33	['A1', 'E4']
320.33	118	2.33	0.0625	0.17	['A1', 'E4', 'A4', 'C#5']
320.5	118	2.5	0.25	0.17	['E3', 'A4', 'C#5']
320.67	118	2.67	0.0625	0.33	['E3', 'B4', 'D5']
321.0	119	1	1.0	0.33	['A1', 'C#5', 'E5']
321.33	119	1.33	0.0625	0.33	['A1', 'C#5', 'F#5']
321.67	119	1.67	0.0625	0.33	['A1', 'C#5', 'G#5']
322.0	119	2	0.5	0.5	['A1', 'E4', 'C#5', 'A5']
322.5	119	2.5	0.25	0.5	['E3', 'C#5', 'B5']
323.0	120	1	1.0	0.5	['B1', 'D5', 'E5', 'A5']
323.5	120	1.5	0.25	0.5	['B1', 'D5', 'E5', 'G#5']
324.0	120	2	0.5	0.33	['B1', 'D4', 'E4', 'E5']
324.33	120	2.33	0.0625	0.17	['B1', 'D4', 'E4', 'D5', 'E5', 'F#5']
324.5	120	2.5	0.25	0.17	['E3', 'D5', 'E5', 'F#5']
324.67	120	2.67	0.0625	0.33	['E3', 'D5', 'E5', 'A5']
325.0	121	1	1.0	0.5	['E1', 'D5', 'E5', 'G#5']
325.5	121	1.5	0.25	0.5	['E1', 'D5', 'E5', 'F#5']
326.0	121	2	0.5	0.33	['E1', 'D4', 'E4', 'E5']
326.33	121	2.33	0.0625	0.17	['E1', 'D4', 'E4', 'D5', 'E5']
326.5	121	2.5	0.25	0.17	['E3', 'D5', 'E5']
326.67	121	2.67	0.0625	0.33	['E3', 'D5', 'G#5']
327.0	122	1	1.0	0.5	['A1', 'C#5', 'F#5']
327.5	122	1.5	0.25	0.5	['A1', 'C#5', 'E5']
328.0	122	2	0.5	0.33	['A1', 'E4']
328.33	122	2.33	0.0625	0.17	['A1', 'E4', 'A4', 'C#5']
328.5	122	2.5	0.25	0.17	['E3', 'A4', 'C#5']
328.67	122	2.67	0.0625	0.33	['E3', 'B4', 'D5']
329.0	123	1	1.0	0.33	['A1', 'C#5', 'E5']
329.33	123	1.33	0.0625	0.33	['A1', 'C#5', 'F#5']
329.67	123	1.67	0.0625	0.33	['A1', 'C#5', 'G5']
330.0	123	2	0.5	0.5	['A1', 'G4', 'A4', 'C#5', 'A5']
330.5	123	2.5	0.25	0.5	['A3', 'C#5', 'C#6']
331.0	124	1	1.0	0.5	['D2', 'F#5', 'B5']
331.5	124	1.5	0.25	0.5	['D2', 'F#5', 'A5']
332.0	124	2	0.5	0.17	['D2', 'A4', 'F#5']
332.17	124	2.17	0.0625	0.17	['D2', 'A4']
332.33	124	2.33	0.0625	0.17	['D2', 'F#4', 'A4', 'D5', 'F#5']
332.5	124	2.5	0.25	0.17	['A3', 'F#4', 'D5', 'F#5']
332.67	124	2.67	0.0625	0.33	['A3', 'G#4', 'D5', 'G#5']
333.0	125	1	1.0	0.5	['F#1', 'A#4', 'F#5']
333.5	125	1.5	0.25	0.5	['F#1', 'A#4', 'B4', 'E5']
334.0	125	2	0.5	0.33	['F#1', 'F#4', 'C#5']
334.33	125	2.33	0.0625	0.17	['F#1', 'F#4', 'A#4', 'D5', 'E5']
334.5	125	2.5	0.25	0.17	['F#3', 'A#4', 'D5', 'E5']
334.67	125	2.67	0.0625	0.33	['F#3', 'A#4', 'E5', 'F#5']
335.0	126	1	1.0	0.5	['B1', 'B4', 'D5', 'E5']
335.5	126	1.5	0.25	0.5	['B1', 'B4', 'D5']
336.0	126	2	0.5	0.5	['B1', 'F#4']
336.5	126	2.5	0.25	0.5	['F#3', 'A4', 'C#5']
337.0	127	1	1.0	0.33	['A1', 'C#5', 'E5']
337.33	127	1.33	0.0625	0.33	['A1', 'A4', 'C#5']
337.67	127	1.67	0.0625	0.33	['A1', 'B4', 'D5']
338.0	127	2	0.5	0.33	['A1', 'E4', 'C#5', 'E5']
338.33	127	2.33	0.0625	0.17	['A1', 'E4', 'C#5', 'F#5']
338.5	127	2.5	0.25	0.17	['E3', 'C#5', 'F#5']
338.67	127	2.67	0.0625	0.33	['E3', 'C#5', 'A5']
339.0	128	1	1.0	0.25	['E1', 'D5', 'E5', 'G#5']
339.25	128	1.25	0.125	0.25	['E1', 'E5']
339.5	128	1.5	0.25	0.5	['E1', 'G#4', 'B4', 'D5']
340.0	128	2	0.5	0.5	['E1', 'D4', 'E4']
340.5	128	2.5	0.25	0.5	['E3', 'A4', 'C#5']
341.0	129	1	1.0	0.33	['A1', 'C#5', 'E5']
341.33	129	1.33	0.0625	0.33	['A1', 'A4', 'C#5']
341.67	129	1.67	0.0625	0.33	['A1', 'B4', 'D5']
342.0	129	2	0.5	0.33	['A1', 'E4', 'C#5', 'E5']
342.33	129	2.33	0.0625	0.17	['A1', 'E4', 'C#5', 'F#5']
342.5	129	2.5	0.25	0.17	['E3', 'C#5', 'F#5']
342.67	129	2.67	0.0625	0.33	['E3', 'C#5', 'A5']
343.0	130	1	1.0	0.25	['E1', 'D5', 'E5', 'G#5']
343.25	130	1.25	0.125	0.25	['E1', 'E5']
343.5	130	1.5	0.25	0.5	['E1', 'G#4', 'B4', 'D5']
344.0	130	2	0.5	0.33	['E1', 'D4', 'E4']
344.33	130	2.33	0.0625	0.17	['E1', 'D4', 'E4', 'C#5', 'E5']
344.5	130	2.5	0.25	0.17	['E3', 'C#5', 'E5']
344.67	130	2.67	0.0625	0.33	['E3', 'D5', 'F#5']
345.0	131	1	1.0	0.33	['G#1', 'B#4', 'G#5']
345.33	131	1.33	0.0625	0.33	['G#1', 'B#4', 'F#5']
345.67	131	1.67	0.0625	0.33	['G#1', 'B#4', 'E5']
346.0	131	2	0.5	0.5	['G#1', 'F#4', 'B#4', 'D#5']
346.5	131	2.5	0.25	0.5	['G#3', 'B#4', 'F#5']
347.0	132	1	1.0	0.33	['A1']
347.33	132	1.33	0.0625	0.33	['A1', 'C#5', 'E5']
347.67	132	1.67	0.0625	0.33	['A1', 'B4', 'D5']
348.0	132	2	0.5	0.5	['A1', 'E4', 'A4', 'C#5']
348.5	132	2.5	0.25	0.5	['E3', 'A4', 'E5']
349.0	133	1	1.0	0.33	['E1']
349.33	133	1.33	0.0625	0.33	['E1', 'G#4', 'B4']
349.67	133	1.67	0.0625	0.33	['E1', 'A4', 'C#5']
350.0	133	2	0.5	0.5	['E1', 'D4', 'E4', 'B4', 'D5']
350.5	133	2.5	0.25	0.5	['E3', 'G#4', 'F#5']
351.0	134	1	1.0	0.5	['A1', 'A4', 'C#5']
351.5	134	1.5	0.25	0.5	['A1', 'C#5', 'E5']
352.0	134	2	0.5	0.33	['A1', 'E4']
352.33	134	2.33	0.0625	0.17	['A1', 'E4', 'C#5', 'E5']
352.5	134	2.5	0.25	0.17	['E3', 'C#5', 'E5']
352.67	134	2.67	0.0625	0.33	['E3', 'C#5', 'F#5']
353.0	135	1	1.0	0.33	['G#1', 'B#4', 'G#5']
353.33	135	1.33	0.0625	0.33	['G#1', 'B#4', 'F#5']
353.67	135	1.67	0.0625	0.33	['G#1', 'B#4', 'E5']
354.0	135	2	0.5	0.5	['G#1', 'F#4', 'B#4', 'D#5']
354.5	135	2.5	0.25	0.5	['G#3', 'B#4', 'F#5']
355.0	136	1	1.0	0.33	['A1']
355.33	136	1.33	0.0625	0.33	['A1', 'C#5', 'E5']
355.67	136	1.67	0.0625	0.33	['A1', 'B4', 'D5']
356.0	136	2	0.5	0.5	['A1', 'E4', 'A4', 'C#5']
356.5	136	2.5	0.25	0.5	['E3', 'A4', 'E5']
357.0	137	1	1.0	0.33	['E1']
357.33	137	1.33	0.0625	0.33	['E1', 'G#4', 'B4']
357.67	137	1.67	0.0625	0.33	['E1', 'A4', 'C#5']
358.0	137	2	0.5	0.5	['E1', 'D4', 'E4', 'B4', 'D5']
358.5	137	2.5	0.25	0.5	['E3', 'G#4', 'F#5']
359.0	138	1	1.0	0.5	['A1', 'A4', 'C#5']
359.5	138	1.5	0.25	0.25	['A1']
359.75	138	1.75	0.125	0.25	['A1', 'E5']
360.0	138	2	0.5	0.5	['A1', 'E4', 'E5', 'A5', 'C#6', 'E6']
360.5	138	2.5	0.25	0.5	['E3', 'E5', 'A5', 'C#6', 'E6']
361.0	139	1	1.0	0.33	['E1']
361.33	139	1.33	0.0625	0.33	['E1', 'G#4', 'B4']
361.67	139	1.67	0.0625	0.33	['E1', 'A4', 'C#5']
362.0	139	2	0.5	0.5	['E1', 'D4', 'E4', 'B4', 'D5']
362.5	139	2.5	0.25	0.5	['E3', 'G#4', 'F#5']
363.0	140	1	1.0	0.5	['A1', 'A4', 'C#5']
363.5	140	1.5	0.25	0.25	['A1']
363.75	140	1.75	0.125	0.25	['A1', 'E5']
364.0	140	2	0.5	0.5	['A1', 'E4', 'E5', 'A5', 'C#6', 'E6']
364.5	140	2.5	0.25	0.25	['E3', 'A5', 'C#6', 'E6']
364.75	140	2.75	0.125	0.25	['E3', 'A4', 'A5', 'C#6', 'E6']
365.0	141	1	1.0	0.75	['D2', 'F#2', 'A2', 'D3', 'F#4', 'A4', 'D5', 'F#5']
365.75	141	1.75	0.125	0.25	['D2', 'F#2', 'A2', 'D3', 'F#4', 'A4', 'D5', 'F#5', 'G5']
366.0	141	2	0.5	0.75	['F#5']
366.75	141	2.75	0.125	0.25	['G5']
367.0	141	3	0.5	0.75	['C#2', 'F#2', 'A#2', 'C#3', 'F#4', 'A#4', 'E5', 'F#5']
367.75	141	3.75	0.125	0.25	['C#2', 'F#2', 'A#2', 'C#3', 'F#4', 'A#4', 'E5', 'F#5', 'G5']
368.0	142	1	1.0	0.5	['B1', 'D2', 'F#2', 'B2', 'F#4', 'B4', 'D5', 'F#5']
368.5	142	1.5	0.25	0.25	['B1', 'D2', 'F#2', 'B2', 'F#4', 'B4', 'D5', 'F#5']
368.75	142	1.75	0.125	0.25	['F#5']
369.0	142	2	0.5	1.0	['F1', 'A1', 'C2', 'F2', 'A4', 'C5', 'E-5', 'A5']
370.0	142	3	0.5	0.5	['A5']
370.5	142	3.5	0.25	0.25	['A4']
370.75	142	3.75	0.125	0.25	['B4']
371.0	143	1	1.0	0.5	['E2', 'A2', 'C#3', 'E3', 'E4', 'A4', 'C#5', 'E5']
371.5	143	1.5	0.25	0.25	['B4']
371.75	143	1.75	0.125	0.25	['A4']
372.0	143	2	0.5	1.0	['E5']
373.0	143	3	0.5	0.5	['E2', 'G#2', 'B2', 'E3', 'E4', 'G#4', 'B4', 'E5']
373.5	143	3.5	0.25	0.5	['E5']
374.0	144	1	1.0	0.5	['A2', 'C#3', 'E3', 'A3', 'C#4', 'E4', 'A4']
374.5	144	1.5	0.25	0.5	['A4']
375.0	144	2	0.5	1.0	['A1', 'C#2', 'E2', 'A2', 'A5', 'C#6', 'E6', 'A6']
376.0	144	3	0.5	1.0	['A1', 'C#2', 'E2', 'A2', 'A5', 'C#6', 'E6', 'A6']
