0.0	1	1	1.0	0.5	['G2']	G	I
0.5	1	1.25	0.125	0.5	['B3', 'D4', 'G4', 'B4']		
1.0	1	1.5	0.25	0.5	['D3', 'G3', 'D4', 'G4', 'B4']		
1.5	1	1.75	0.125	0.5	['B3', 'D4', 'G4', 'B4']		
2.0	1	2	0.5	0.5	['B2', 'D4', 'G4', 'D5']	G	I6
2.5	1	2.25	0.125	0.5	['B3', 'D4', 'G4', 'D5']		
3.0	1	2.5	0.25	0.5	['D3', 'G3', 'D4', 'G4', 'D5']		
3.5	1	2.75	0.125	0.5	['B3', 'D4', 'G4', 'D5']		
4.0	2	1	1.0	0.5	['A2']	G	V43
4.5	2	1.25	0.125	0.5	['C4', 'D4', 'F#4', 'C5']		
5.0	2	1.5	0.25	0.5	['D3', 'F#3', 'D4', 'F#4', 'C5']		
5.5	2	1.75	0.125	0.5	['C4', 'D4', 'F#4', 'C5']		
6.0	2	2	0.5	0.5	['D2', 'D4', 'F#4', 'C5', 'D5']	G	V7
6.5	2	2.25	0.125	0.5	['C4', 'D4', 'F#4', 'C5', 'D5']		
7.0	2	2.5	0.25	0.5	['D3', 'A3', 'D4', 'F#4', 'C5', 'D5']		
7.5	2	2.75	0.125	0.5	['C4', 'D4', 'F#4', 'C5', 'D5']		
8.0	3	1	1.0	0.5	['G2']	G	I
8.5	3	1.25	0.125	0.5	['B3', 'D4', 'G4', 'B4']		
9.0	3	1.5	0.25	0.5	['D3', 'G3', 'D4', 'G4', 'B4']		
9.5	3	1.75	0.125	0.5	['B3', 'D4', 'G4', 'B4']		
10.0	3	2	0.5	0.5	['B2', 'G4', 'D5', 'G5']	G	I6
10.5	3	2.25	0.125	0.5	['B3', 'G4', 'D5', 'G5']		
11.0	3	2.5	0.25	0.5	['D3', 'G3', 'G4', 'D5', 'G5']		
11.5	3	2.75	0.125	0.5	['B3', 'G4', 'D5', 'G5']		
12.0	4	1	1.0	0.5	['D2']	G	V
12.5	4	1.25	0.125	0.5	['A3', 'D4', 'F#4', 'A4']		
13.0	4	1.5	0.25	0.5	['D3', 'F#3', 'D4', 'F#4', 'A4']		
13.5	4	1.75	0.125	0.5	['A3', 'D4', 'F#4', 'A4']		
14.0	4	2	0.5	0.5	['G2', 'D4', 'G4', 'B4']	G	I
14.5	4	2.25	0.125	0.5	['B3', 'D4', 'G4', 'B4']		
15.0	4	2.5	0.25	0.5	['D3', 'G3', 'D4', 'G4', 'B4']		
15.5	4	2.75	0.125	0.5	['B3', 'D4', 'G4', 'B4']		
16.0	5	1	1.0	0.5	['D2']	G	V
16.5	5	1.25	0.125	0.5	['A3', 'F#4', 'A4', 'D5']		
17.0	5	1.5	0.25	0.5	['D3', 'F#3', 'F#4', 'A4', 'D5']		
17.5	5	1.75	0.125	0.5	['A3', 'F#4', 'A4', 'D5']		
18.0	5	2	0.5	0.5	['G2', 'D4', 'G4', 'B4']	G	I
18.5	5	2.25	0.125	0.5	['B3', 'D4', 'G4', 'B4']		
19.0	5	2.5	0.25	0.5	['D3', 'G3', 'D4', 'G4', 'B4']		
19.5	5	2.75	0.125	0.5	['B3', 'D4', 'G4', 'B4']		
20.0	6	1	1.0	0.5	['G2', 'B4']	G	I
20.5	6	1.25	0.125	0.5	['B3', 'G4', 'B4', 'D5']		
21.0	6	1.5	0.25	0.5	['D3', 'G3', 'G4', 'B4', 'D5']		
21.5	6	1.75	0.125	0.5	['B3', 'G4', 'B4', 'D5']		
22.0	6	2	0.5	0.5	['B2', 'G4', 'B4', 'D5']	G	I6
22.5	6	2.25	0.125	0.25	['B3', 'G4', 'B4', 'D5']		
22.75	6	2.38	0.0625	0.25	['B3', 'G4', 'B4', 'D5', 'E5']		
23.0	6	2.5	0.25	0.5	['D3', 'G3', 'G4', 'B4', 'D5']		
23.5	6	2.75	0.125	0.5	['B3', 'D5']		
24.0	7	1	1.0	0.5	['F#3', 'A4', 'C5', 'D5']	G	V65
24.5	7	1.25	0.125	0.5	['D4', 'C5']		
25.0	7	1.5	0.25	0.5	['G3', 'G4', 'B4', 'D5']	G	I
25.5	7	1.75	0.125	0.5	['D4', 'B4']		
26.0	7	2	0.5	0.5	['D3', 'F#4', 'A4', 'D5']	G	V
26.5	7	2.25	0.125	0.5	['D4', 'F#4', 'A4', 'D5']		
27.0	7	2.5	0.25	0.5	['F#3', 'A3', 'F#4', 'A4', 'D5']		
27.5	7	2.75	0.125	0.5	['D4', 'F#4', 'A4', 'D5']		
28.0	8	1	1.0	0.5	['C3', 'A4']	G	ii65
28.5	8	1.25	0.125	0.5	['E4', 'G4', 'A4', 'E5']		
29.0	8	1.5	0.25	0.5	['G3', 'A3', 'G4', 'A4', 'E5']		
29.5	8	1.75	0.125	0.5	['E4', 'G4', 'A4', 'E5']		
30.0	8	2	0.5	0.5	['D3', 'F#4', 'A4', 'C5', 'D5']	G	V
30.5	8	2.25	0.125	0.25	['D4', 'F#4', 'A4', 'C5', 'D5']		
30.75	8	2.38	0.0625	0.25	['D4', 'F#4', 'A4', 'C5', 'E5']		
31.0	8	2.5	0.25	0.5	['F#3', 'A3', 'F#4', 'A4', 'C5', 'D5']		
31.5	8	2.75	0.125	0.5	['D4', 'C5']		
32.0	9	1	1.0	0.5	['G2', 'B4']	G	I
32.5	9	1.25	0.125	0.5	['D4', 'G4', 'B4', 'D5']		
33.0	9	1.5	0.25	0.5	['G3', 'B3', 'G4', 'B4', 'D5']		
33.5	9	1.75	0.125	0.5	['D4', 'G4', 'B4', 'D5']		
34.0	9	2	0.5	0.5	['B3', 'D5']		
34.5	9	2.25	0.125	0.25	['D4', 'D5']		
34.75	9	2.38	0.0625	0.25	['D4', 'D5', 'E5']		
35.0	9	2.5	0.25	0.5	['A3', 'C5', 'D5']		
35.5	9	2.75	0.125	0.5	['D4', 'B4', 'C5', 'F#5']		
36.0	10	1	1.0	0.5	['G2', 'B4', 'D5', 'G5']	G	I
36.5	10	1.25	0.125	0.5	['B3', 'G4', 'B4', 'D5']		
37.0	10	1.5	0.25	0.5	['D3', 'G3', 'G4', 'B4', 'D5']		
37.5	10	1.75	0.125	0.5	['B3', 'G4', 'B4', 'D5']		
38.0	10	2	0.5	0.5	['B2', 'G4', 'B4', 'D5']	G	I6
38.5	10	2.25	0.125	0.25	['B3', 'G4', 'B4', 'D5']		
38.75	10	2.38	0.0625	0.25	['B3', 'G4', 'B4', 'D5', 'E5']		
39.0	10	2.5	0.25	0.5	['D3', 'G3', 'G4', 'B4', 'D5']		
39.5	10	2.75	0.125	0.5	['B3', 'D5']		
40.0	11	1	1.0	0.5	['F#3', 'A4', 'C5', 'D5']	G	V65
40.5	11	1.25	0.125	0.5	['D4', 'C5']		
41.0	11	1.5	0.25	0.5	['G3', 'G4', 'B4', 'D5']	G	I
41.5	11	1.75	0.125	0.5	['D4', 'B4']		
42.0	11	2	0.5	0.5	['D3', 'F#4', 'A4', 'D5']	G	V
42.5	11	2.25	0.125	0.5	['D4', 'F#4', 'A4', 'D5']		
43.0	11	2.5	0.25	0.5	['F#3', 'A3', 'F#4', 'A4', 'D5']		
43.5	11	2.75	0.125	0.5	['D4', 'F#4', 'A4', 'D5']		
44.0	12	1	1.0	0.5	['C3', 'A4']	G	ii65
44.5	12	1.25	0.125	0.5	['E4', 'G4', 'A4', 'E5']		
45.0	12	1.5	0.25	0.5	['G3', 'A3', 'G4', 'A4', 'E5']		
45.5	12	1.75	0.125	0.5	['E4', 'G4', 'A4', 'E5']		
46.0	12	2	0.5	0.5	['A2', 'F#4', 'C5', 'E5']	G	viiø6
46.5	12	2.25	0.125	0.25	['E4', 'F#4', 'C5', 'E5']		
46.75	12	2.38	0.0625	0.25	['E4', 'F#4', 'C5', 'F#5']		
47.0	12	2.5	0.25	0.5	['F#3', 'C4', 'F#4', 'C5', 'E5']		
47.5	12	2.75	0.125	0.5	['E4', 'C5']		
48.0	13	1	1.0	0.5	['B2', 'B4']	B	I
48.5	13	1.25	0.125	0.5	['D#4', 'F#4', 'B4', 'D#5']		
49.0	13	1.5	0.25	0.5	['F#3', 'B3', 'F#4', 'B4', 'D#5']		
49.5	13	1.75	0.125	0.5	['D#4', 'F#4', 'B4', 'D#5']		
50.0	13	2	0.5	0.5	['B2', 'B4', 'D#5', 'F#5']	B	I
50.5	13	2.25	0.125	0.25	['D#4', 'B4', 'D#5', 'F#5']		
50.75	13	2.38	0.0625	0.25	['D#4', 'B4', 'D#5', 'G5']		
51.0	13	2.5	0.25	0.5	['F#3', 'B3', 'B4', 'D#5', 'F#5']		
51.5	13	2.75	0.125	0.5	['D#4']		
52.0	14	1	1.0	0.5	['B2']	B	iv64
52.5	14	1.25	0.125	0.5	['E4', 'B4', 'E5', 'G5']		
53.0	14	1.5	0.25	0.5	['G3', 'B3', 'B4', 'E5', 'G5']		
53.5	14	1.75	0.125	0.5	['E4', 'B4', 'E5', 'G5']		
54.0	14	2	0.5	0.5	['B2', 'E5', 'G5', 'B5']		
54.5	14	2.25	0.125	0.25	['E4', 'E5', 'G5', 'B5']		
54.75	14	2.38	0.0625	0.25	['E4', 'E5', 'G5', 'E6']		
55.0	14	2.5	0.25	0.5	['G3', 'C#4', 'E5', 'G5', 'A#5']	B	viio42
55.5	14	2.75	0.125	0.5	['E4']		
56.0	15	1	1.0	0.5	['B2']	B	I
56.5	15	1.25	0.125	0.5	['D#4', 'D#5', 'F#5']		
57.0	15	1.5	0.25	0.5	['F#3', 'B3', 'D#5', 'F#5']		
57.5	15	1.75	0.125	0.5	['D#4', 'D#5', 'F#5']		
58.0	15	2	0.5	0.5	['B2', 'D#5', 'F#5', 'B5']		
58.5	15	2.25	0.125	0.5	['D#4', 'D#5', 'F#5', 'B5']		
59.0	15	2.5	0.25	0.5	['F#3', 'B3', 'B4', 'D#5', 'F#5', 'B5']		
59.5	15	2.75	0.125	0.5	['D#4', 'B4', 'D#5', 'F#5', 'B5']		
60.0	16	1	1.0	0.5	['C3', 'B4']	G	V42
60.5	16	1.25	0.125	0.5	['A3', 'D4', 'F#4', 'A4', 'B4']		
61.0	16	1.5	0.25	0.5	['D3', 'F#3', 'D4', 'F#4', 'A4', 'B4']		
61.5	16	1.75	0.125	0.5	['A3', 'D4', 'F#4', 'A4']		
62.0	16	2	0.5	0.5	['C3', 'F#4', 'G4', 'A4', 'D5']		
62.5	16	2.25	0.125	0.5	['A3', 'F#4', 'G4', 'A4', 'D5']		
63.0	16	2.5	0.25	0.5	['D3', 'F#3', 'D4', 'F#4', 'A4']		
63.5	16	2.75	0.125	0.5	['A3', 'F#4']		
64.0	17	1	1.0	0.5	['B2', 'D5']	G	I6
64.5	17	1.25	0.125	0.5	['B3', 'D4', 'G4', 'B4', 'D5']		
65.0	17	1.5	0.25	0.5	['D3', 'G3', 'D4', 'G4', 'B4', 'D5']		
65.5	17	1.75	0.125	0.5	['B3', 'D4', 'G4', 'B4']		
66.0	17	2	0.5	0.5	['B2', 'G4', 'B4', 'D5']		
66.5	17	2.25	0.125	0.5	['B3', 'G4', 'B4', 'D5']		
67.0	17	2.5	0.25	0.5	['D3', 'G3', 'D4', 'G4', 'B4']		
67.5	17	2.75	0.125	0.5	['B3', 'G4']		
68.0	18	1	1.0	0.5	['G2', 'B4']	G	I
68.5	18	1.25	0.125	0.5	['B3', 'G4', 'B4', 'D5']		
69.0	18	1.5	0.25	0.5	['D3', 'G3', 'G4', 'B4', 'D5']		
69.5	18	1.75	0.125	0.5	['B3', 'G4', 'B4', 'D5']		
70.0	18	2	0.5	0.5	['B2', 'G4', 'D5', 'G5']	G	I6
70.5	18	2.25	0.125	0.5	['B3', 'G4', 'D5', 'G5']		
71.0	18	2.5	0.25	0.5	['D3', 'G3', 'G4', 'B4', 'D5']		
71.5	18	2.75	0.125	0.5	['B3', 'D5']		
72.0	19	1	1.0	0.5	['D2', 'A4']	G	V
72.5	19	1.25	0.125	0.5	['A3', 'F#4', 'A4']		
73.0	19	1.5	0.25	0.5	['D3', 'F#3', 'F#4', 'A4']		
73.5	19	1.75	0.125	0.5	['A3', 'F#4', 'A4']		
74.0	19	2	0.5	0.5	['D2', 'F#4', 'A4', 'D5']		
74.5	19	2.25	0.125	0.5	['A3', 'F#4', 'A4', 'D5']		
75.0	19	2.5	0.25	0.5	['D3', 'F#3', 'F#4', 'A4', 'D5']		
75.5	19	2.75	0.125	0.5	['A3', 'A4', 'A5']		
76.0	20	1	1.0	0.5	['C3', 'B4', 'B5']	G	V42
76.5	20	1.25	0.125	0.5	['D4', 'B4', 'B5']		
77.0	20	1.5	0.25	0.5	['F#3', 'A3', 'B4', 'B5']		
77.5	20	1.75	0.125	0.5	['D4', 'A4', 'A5']		
78.0	20	2	0.5	0.5	['C3', 'E5', 'E6']		
78.5	20	2.25	0.125	0.5	['D4', 'E5', 'E6']		
79.0	20	2.5	0.25	0.5	['F#3', 'A3', 'D5', 'D6']		
79.5	20	2.75	0.125	0.5	['D4', 'D5', 'D6']		
80.0	21	1	1.0	0.5	['B2', 'D5', 'D6']	G	I6
80.5	21	1.25	0.125	0.5	['D4', 'D5', 'D6']		
81.0	21	1.5	0.25	0.5	['G3', 'B3', 'D5', 'D6']		
81.5	21	1.75	0.125	0.5	['D4', 'B4', 'B5']		
82.0	21	2	0.5	0.5	['B2', 'G4', 'G5']		
82.5	21	2.25	0.125	0.5	['D4', 'G4', 'G5']		
83.0	21	2.5	0.25	0.5	['G3', 'B3']		
83.5	21	2.75	0.125	0.5	['D4']		
84.0	22	1	1.0	0.5	['D3', 'B4']	G	I64
84.5	22	1.25	0.125	0.5	['D4', 'B4', 'D5', 'G5', 'B5']		
85.0	22	1.5	0.25	0.5	['G3', 'B3', 'B4', 'D5', 'G5', 'B5']		
85.5	22	1.75	0.125	0.5	['D4', 'B4', 'D5', 'G5', 'B5']		
86.0	22	2	0.5	0.5	['D3', 'G3', 'A3', 'D5', 'G5', 'A5', 'D6']	G	V
86.5	22	2.25	0.125	0.5	['D4', 'D5']		
87.0	22	2.5	0.25	0.5	['D3', 'F#3', 'A3', 'D5', 'F#5', 'A5', 'D6']		
87.5	22	2.75	0.125	0.5	['D4', 'D5']		
88.0	23	1	1.0	0.5	['E3', 'B4', 'G5', 'B5']	G	vi
88.5	23	1.25	0.125	0.5	['B3', 'B4', 'G5', 'B5']		
89.0	23	1.5	0.25	0.5	['G3', 'B4', 'G5', 'B5']		
89.5	23	1.75	0.125	0.5	['B3', 'B4', 'G5', 'B5']		
90.0	23	2	0.5	0.5	['B2', 'G6']		
90.5	23	2.25	0.125	0.25	['B3', 'A6']		
90.75	23	2.38	0.0625	0.25	['B3', 'G6']		
91.0	23	2.5	0.25	0.25	['D3', 'G3', 'F#6']		
91.25	23	2.62	0.0625	0.25	['D3', 'G3', 'E6']		
91.5	23	2.75	0.125	0.25	['B3', 'D6']		
91.75	23	2.88	0.0625	0.25	['B3', 'C6']		
92.0	24	1	1.0	0.5	['D3', 'B4', 'B5']	G	I64
92.5	24	1.25	0.125	0.5	['D4', 'B4', 'D5', 'G5', 'B5']		
93.0	24	1.5	0.25	0.5	['G3', 'B3', 'B4', 'D5', 'G5', 'B5']		
93.5	24	1.75	0.125	0.5	['D4', 'B4', 'D5', 'G5', 'B5']		
94.0	24	2	0.5	0.5	['D3', 'G3', 'A3', 'D5', 'G5', 'A5', 'D6']	G	V
94.5	24	2.25	0.125	0.5	['D4', 'D5']		
95.0	24	2.5	0.25	0.5	['D3', 'F#3', 'A3', 'D5', 'F#5', 'A5', 'D6']		
95.5	24	2.75	0.125	0.5	['D4', 'D5']		
96.0	25	1	1.0	0.5	['G2', 'G4', 'B4', 'D5', 'G5']	G	I
96.5	25	1.25	0.125	0.5	['B3', 'G4', 'B4', 'D5', 'G5']		
97.0	25	1.5	0.25	0.5	['D3', 'G3', 'G4', 'B4', 'D5', 'G5']		
97.5	25	1.75	0.125	0.5	['B3', 'G4', 'B4', 'D5', 'G5']		
98.0	25	2	0.5	0.5	['G2']		
98.5	25	2.25	0.125	0.5	['B3']		
99.0	25	2.5	0.25	0.5	['D3', 'G3', 'G4', 'B4', 'D5']		
99.5	25	2.75	0.125	0.5	['B3', 'G4', 'B4', 'D5']		
100.0	26	1	1.0	0.5	['C3', 'G4', 'A4', 'E5']	G	ii65
100.5	26	1.25	0.125	0.5	['E4', 'G4', 'A4', 'E5']		
101.0	26	1.5	0.25	0.5	['A3', 'G4', 'A4', 'E5']		
101.5	26	1.75	0.125	0.5	['E4', 'G4', 'A4', 'E5']		
102.0	26	2	0.5	0.5	['D3', 'F#4', 'C5', 'D5']	G	V7
102.5	26	2.25	0.125	0.5	['D4', 'F#4', 'C5', 'D5']		
103.0	26	2.5	0.25	0.5	['A3', 'C4', 'F#4', 'C5', 'D5']		
103.5	26	2.75	0.125	0.5	['D4', 'F#4', 'C5', 'D5']		
104.0	27	1	1.0	0.5	['G2', 'G4', 'B4', 'D5']	G	I
104.5	27	1.25	0.125	0.5	['D4', 'G4', 'B4', 'D5']		
105.0	27	1.5	0.25	0.5	['G3', 'B3', 'G4', 'B4', 'D5']		
105.5	27	1.75	0.125	0.5	['D4', 'G4', 'B4', 'D5']		
106.0	27	2	0.5	0.5	['G2', 'E4', 'G4', 'C5']	G	IV64
106.5	27	2.25	0.125	0.5	['G3', 'D4', 'G4', 'B4']	G	I
107.0	27	2.5	0.25	0.5	['D3', 'C4', 'D4', 'A4']	G	V7
107.5	27	2.75	0.125	0.5	['G3', 'B3', 'D4', 'G4']	G	I
108.0	28	1	1.0	0.5	['C2', 'C4', 'E4', 'G4']	G	ii65
108.5	28	1.25	0.125	0.5	['E3', 'C4', 'E4', 'G4']		
109.0	28	1.5	0.25	0.5	['C3', 'C4', 'E4', 'A4']		
109.5	28	1.75	0.125	0.5	['E3', 'C4', 'E4', 'A4']		
110.0	28	2	0.5	0.5	['D2', 'D4', 'F#4', 'A4']	G	V
110.5	28	2.25	0.125	0.5	['F#3', 'D4', 'F#4', 'A4']		
111.0	28	2.5	0.25	0.5	['D3', 'D4', 'F#4', 'B4']		
111.5	28	2.75	0.125	0.5	['F#3', 'D4', 'F#4', 'B4']		
112.0	29	1	1.0	0.5	['G2', 'D4', 'G4', 'B4']	G	I
112.5	29	1.25	0.125	0.5	['B3', 'D4', 'G4', 'B4']		
113.0	29	1.5	0.25	0.5	['D3', 'G3', 'D4', 'G4', 'B4']		
113.5	29	1.75	0.125	0.5	['B3', 'D4', 'G4', 'B4']		
114.0	29	2	0.5	0.5	['G2', 'D4', 'G4', 'B4']		
114.5	29	2.25	0.125	0.5	['B3', 'D4', 'G4', 'B4']		
115.0	29	2.5	0.25	0.5	['D3', 'G3', 'B4']		
115.5	29	2.75	0.125	0.5	['B3', 'B4']		
116.0	30	1	1.0	0.5	['D3', 'A4']	G	V
116.5	30	1.25	0.125	0.5	['D4', 'F#4', 'A4']		
117.0	30	1.5	0.25	0.5	['F#3', 'A3', 'F#4', 'A4']		
117.5	30	1.75	0.125	0.5	['D4', 'F#4', 'A4']		
118.0	30	2	0.5	0.5	['D3', 'F#4', 'A4', 'D5']		
118.5	30	2.25	0.125	0.5	['D4', 'F#4', 'A4', 'D5']		
119.0	30	2.5	0.25	0.5	['F#3', 'A3', 'F#4', 'A4', 'D5']		
119.5	30	2.75	0.125	0.5	['D4', 'F#4', 'A4', 'D5']		
120.0	31	1	1.0	0.5	['D3', 'B-4']	G	i64
120.5	31	1.25	0.125	0.5	['D4', 'G4', 'A4', 'B-4']		
121.0	31	1.5	0.25	0.5	['G3', 'B-3', 'G4', 'B-4']		
121.5	31	1.75	0.125	0.5	['D4', 'G4', 'B-4', 'C5']		
122.0	31	2	0.5	0.5	['D3', 'G4', 'B-4', 'D5']		
122.5	31	2.25	0.125	0.5	['D4', 'G4', 'B-4', 'D5']		
123.0	31	2.5	0.25	0.5	['G3', 'B-3', 'G4', 'B-4', 'D5']		
123.5	31	2.75	0.125	0.5	['D4', 'G4', 'B-4', 'D5']		
124.0	32	1	1.0	0.5	['D3', 'C#5']	G	viio7/V
124.5	32	1.25	0.125	0.5	['C#4', 'G4', 'B-4', 'C#5']		
125.0	32	1.5	0.25	0.5	['G3', 'B-3', 'G4', 'B-4', 'C#5']		
125.5	32	1.75	0.125	0.5	['C#4', 'G4', 'B-4', 'C#5']		
126.0	32	2	0.5	0.5	['D3', 'B-4', 'C#5', 'E5']		
126.5	32	2.25	0.125	0.5	['C#4', 'B-4', 'C#5', 'E5']		
127.0	32	2.5	0.25	0.5	['G3', 'B-3', 'B-4', 'C#5', 'E5']		
127.5	32	2.75	0.125	0.5	['C#4', 'B-4', 'C#5', 'E5']		
128.0	33	1	1.0	0.5	['D3', 'D5']	G	V
128.5	33	1.25	0.125	0.5	['D4', 'F#4', 'A4', 'D5']		
129.0	33	1.5	0.25	0.5	['F#3', 'A3', 'F#4', 'A4', 'D5']		
129.5	33	1.75	0.125	0.5	['D4', 'F#4', 'A4', 'D5']		
130.0	33	2	0.5	0.5	['D3', 'F#4', 'A4', 'D5']		
130.5	33	2.25	0.125	0.5	['D4', 'F#4', 'A4', 'D5']		
131.0	33	2.5	0.25	0.5	['F#3', 'A3', 'F#4', 'A4', 'D5']		
131.5	33	2.75	0.125	0.5	['D4', 'F#4', 'A4', 'D5']		
132.0	34	1	1.0	0.5	['D3', 'A4']	G	V
132.5	34	1.25	0.125	0.5	['D4', 'A4', 'F#5', 'A5']		
133.0	34	1.5	0.25	0.5	['F#3', 'A3', 'A4', 'F#5', 'A5']		
133.5	34	1.75	0.125	0.5	['D4', 'A4', 'F#5', 'A5']		
134.0	34	2	0.5	0.5	['D3', 'D5', 'F#5', 'A5', 'D6']		
134.5	34	2.25	0.125	0.5	['D4', 'D5', 'F#5', 'A5', 'D6']		
135.0	34	2.5	0.25	0.5	['F#3', 'A3', 'D5', 'F#5', 'A5', 'D6']		
135.5	34	2.75	0.125	0.5	['D4', 'C5', 'F#5', 'A5', 'D6']		
136.0	35	1	1.0	0.5	['D3', 'C5']	G	I64
136.5	35	1.25	0.125	0.5	['D4', 'B4', 'G5', 'B5']		
137.0	35	1.5	0.25	0.5	['G3', 'B3', 'B4', 'G5', 'B5']		
137.5	35	1.75	0.125	0.5	['D4', 'A4', 'G5', 'B5']		
138.0	35	2	0.5	0.5	['D3', 'B4', 'G5', 'B5', 'D6']		
138.5	35	2.25	0.125	0.5	['D4', 'B4', 'G5', 'B5', 'D6']		
139.0	35	2.5	0.25	0.5	['G3', 'B3', 'G5', 'B5', 'D6']		
139.5	35	2.75	0.125	0.5	['D4', 'D5', 'G5', 'B5', 'D6']		
140.0	36	1	1.0	0.5	['D3', 'C#5']	G	viio7/V
140.5	36	1.25	0.125	0.5	['C#4', 'C#5', 'G5', 'B-5', 'C#6']		
141.0	36	1.5	0.25	0.5	['G3', 'B-3', 'C#5', 'G5', 'B-5', 'C#6']		
141.5	36	1.75	0.125	0.5	['C#4', 'C#5', 'G5', 'B-5', 'C#6']		
142.0	36	2	0.5	0.5	['D3', 'E5', 'B-5', 'C#6', 'E6']		
142.5	36	2.25	0.125	0.5	['C#4', 'E5', 'B-5', 'C#6', 'E6']		
143.0	36	2.5	0.25	0.5	['G3', 'B-3', 'E5', 'B-5', 'C#6', 'E6']		
143.5	36	2.75	0.125	0.5	['C#4', 'C#5', 'B-5', 'C#6', 'E6']		
144.0	37	1	1.0	0.5	['D3', 'D5']	G	V
144.5	37	1.25	0.125	0.5	['D4', 'D5', 'F#5', 'A5']		
145.0	37	1.5	0.25	0.5	['F#3', 'A3', 'D5', 'F#5', 'A5']		
145.5	37	1.75	0.125	0.5	['D4', 'D5', 'F#5', 'A5']		
146.0	37	2	0.5	0.5	['D3', 'F#5', 'A5', 'D6']		
146.5	37	2.25	0.125	0.5	['D4', 'F#5', 'A5', 'D6']		
147.0	37	2.5	0.25	0.5	['F#3', 'A3', 'D5', 'F#5', 'A5', 'D6']		
147.5	37	2.75	0.125	0.5	['D4', 'D5', 'F#5', 'A5', 'D6']		
148.0	38	1	1.0	0.5	['B-2', 'D5']	Bb	I
148.5	38	1.25	0.125	0.5	['D4', 'B-4', 'D5', 'F5']		
149.0	38	1.5	0.25	0.5	['F3', 'B-3', 'B-4', 'D5', 'F5']		
149.5	38	1.75	0.125	0.5	['D4', 'B-4', 'D5', 'F5']		
150.0	38	2	0.5	0.5	['B-2', 'A4', 'C5', 'E-5', 'F5']	Bb	V7
150.5	38	2.25	0.125	0.25	['E-4', 'A4', 'C5', 'E-5', 'F5']		
150.75	38	2.38	0.0625	0.25	['E-4', 'A4', 'C5', 'E-5', 'G5']		
151.0	38	2.5	0.25	0.5	['F3', 'C4', 'A4', 'B-4', 'E-5', 'F5']		
151.5	38	2.75	0.125	0.5	['E-4', 'A4']		
152.0	39	1	1.0	0.5	['B-2', 'B-4']	Bb	I
152.5	39	1.25	0.125	0.5	['D4', 'F4', 'B-4', 'D5']		
153.0	39	1.5	0.25	0.5	['F3', 'B-3', 'F4', 'B-4', 'D5']		
153.5	39	1.75	0.125	0.5	['D4', 'F4', 'B-4', 'D5']		
154.0	39	2	0.5	0.5	['B-2', 'F4', 'B-4', 'D5', 'F5']		
154.5	39	2.25	0.125	0.25	['D4', 'F4', 'B-4', 'D5', 'F5']		
154.75	39	2.38	0.0625	0.25	['D4', 'F4', 'B-4', 'D5', 'G5']		
155.0	39	2.5	0.25	0.5	['F3', 'B-3', 'B-4', 'D5', 'F5']		
155.5	39	2.75	0.125	0.5	['D4', 'B-4']		
156.0	40	1	1.0	0.5	['A2', 'E-5']	Bb	V7
156.5	40	1.25	0.125	0.5	['E-4', 'C5', 'E-5', 'F5']		
157.0	40	1.5	0.25	0.5	['F3', 'C4', 'C5', 'E-5', 'F5']		
157.5	40	1.75	0.125	0.5	['E-4', 'C5', 'E-5', 'F5']		
158.0	40	2	0.5	0.5	['B-2', 'B-4', 'D5', 'F5']	Bb	I
158.5	40	2.25	0.125	0.25	['D4', 'B-4', 'D5', 'F5']		
158.75	40	2.38	0.0625	0.25	['D4', 'B-4', 'D5', 'B-5']		
159.0	40	2.5	0.25	0.5	['F3', 'B-3', 'B-4', 'D5', 'F5']		
159.5	40	2.75	0.125	0.5	['D4', 'B-4']		
160.0	41	1	1.0	0.5	['F2', 'C5']	Bb	V
160.5	41	1.25	0.125	0.5	['C4', 'A4', 'C5']		
161.0	41	1.5	0.25	0.5	['F3', 'A3', 'A4', 'C5']		
161.5	41	1.75	0.125	0.5	['C4', 'A4', 'C5']		
162.0	41	2	0.5	0.5	['F2', 'A4', 'C5', 'F5']		
162.5	41	2.25	0.125	0.25	['C4', 'A4', 'C5', 'F5']		
162.75	41	2.38	0.0625	0.25	['C4', 'A4', 'C5', 'G5']		
163.0	41	2.5	0.25	0.5	['F3', 'A3', 'A4', 'C5', 'F5']		
163.5	41	2.75	0.125	0.5	['C4']		
164.0	42	1	1.0	0.5	['E-3', 'D5']	Bb	V42
164.5	42	1.25	0.125	0.5	['C4', 'A4', 'C5', 'D5']		
165.0	42	1.5	0.25	0.5	['F3', 'A3', 'A4', 'C5']		
165.5	42	1.75	0.125	0.5	['C4', 'A4', 'C5']		
166.0	42	2	0.5	0.5	['E-3', 'A4', 'C5', 'G5']		
166.5	42	2.25	0.125	0.5	['C4', 'A4', 'C5', 'G5']		
167.0	42	2.5	0.25	0.5	['F3', 'A3', 'A4', 'C5', 'F5']		
167.5	42	2.75	0.125	0.5	['C4', 'A4', 'C5', 'F5']		
168.0	43	1	1.0	0.5	['D3', 'B-4', 'D5', 'F5']	Bb	I6
168.5	43	1.25	0.125	0.5	['D4', 'B-4', 'D5', 'F5']		
169.0	43	1.5	0.25	0.5	['F3', 'B-3', 'B-4', 'D5', 'F5']		
169.5	43	1.75	0.125	0.5	['D4', 'D5']		
170.0	43	2	0.5	0.5	['D3', 'B-4']		
170.5	43	2.25	0.125	0.5	['D4', 'B-4']		
171.0	43	2.5	0.25	0.5	['F3', 'B-3']		
171.5	43	2.75	0.125	0.5	['D4', 'D5']		
172.0	44	1	1.0	0.5	['F3', 'D5']	Bb	I64
172.5	44	1.25	0.125	0.5	['F4', 'B-4', 'D5']		
173.0	44	1.5	0.25	0.5	['B-3', 'D4', 'B-4', 'D5']		
173.5	44	1.75	0.125	0.5	['F4', 'B-4', 'D5']		
174.0	44	2	0.5	0.5	['F3', 'B-3', 'C4', 'B-4', 'C5', 'F5']	Bb	V
174.5	44	2.25	0.125	0.5	['F4', 'F5']		
175.0	44	2.5	0.25	0.5	['F3', 'A3', 'C4', 'A4', 'C5', 'F5']		
175.5	44	2.75	0.125	0.5	['F4', 'F5']		
176.0	45	1	1.0	0.5	['G3', 'B-4', 'D5']	Bb	vi
176.5	45	1.25	0.125	0.5	['D4', 'B-4', 'D5']		
177.0	45	1.5	0.25	0.5	['B-3', 'B-4', 'D5']		
177.5	45	1.75	0.125	0.5	['D4', 'B-4', 'D5']		
178.0	45	2	0.5	0.5	['E-3', 'B-5']	Bb	IV
178.5	45	2.25	0.125	0.25	['E-4', 'C6']		
178.75	45	2.38	0.0625	0.25	['E-4', 'B-5']		
179.0	45	2.5	0.25	0.25	['G3', 'B-3', 'G5', 'A5']		
179.25	45	2.62	0.0625	0.25	['G3', 'B-3', 'G5']		
179.5	45	2.75	0.125	0.25	['E-4', 'F5', 'G5']		
179.75	45	2.88	0.0625	0.25	['E-4', 'E-5', 'G5']		
180.0	46	1	1.0	0.5	['F3', 'D5']	Bb	I64
180.5	46	1.25	0.125	0.5	['F4', 'B-4', 'D5']		
181.0	46	1.5	0.25	0.5	['B-3', 'D4', 'B-4', 'D5']		
181.5	46	1.75	0.125	0.5	['F4', 'B-4', 'D5']		
182.0	46	2	0.5	0.5	['F3', 'B-3', 'C4', 'B-4', 'C5', 'F5']	Bb	V
182.5	46	2.25	0.125	0.5	['F4', 'F5']		
183.0	46	2.5	0.25	0.5	['F3', 'A3', 'C4', 'A4', 'C5', 'F5']		
183.5	46	2.75	0.125	0.5	['F4', 'F5']		
184.0	47	1	1.0	0.5	['B-2', 'B-4', 'D5']	Bb	I
184.5	47	1.25	0.125	0.5	['D4', 'B-4', 'D5']		
185.0	47	1.5	0.25	0.5	['F3', 'B-3', 'B-4', 'D5']		
185.5	47	1.75	0.125	0.5	['D4', 'B-4', 'D5']		
186.0	47	2	0.5	0.5	['B-2', 'B-4', 'D5']		
186.5	47	2.25	0.125	0.5	['D4', 'B-4', 'D5']		
187.0	47	2.5	0.25	0.5	['F3', 'B-3', 'F4', 'B-4', 'D5']		
187.5	47	2.75	0.125	0.5	['D4', 'F4', 'B-4', 'D5']		
188.0	48	1	1.0	0.5	['A2', 'F#4', 'C5', 'D5']	G	V43
188.5	48	1.25	0.125	0.5	['D4', 'F#4', 'C5', 'D5']		
189.0	48	1.5	0.25	0.5	['A3', 'C4', 'F#4', 'C5', 'D5']		
189.5	48	1.75	0.125	0.25	['D4', 'F#4', 'C5', 'D5']		
189.75	48	1.88	0.0625	0.25	['D4', 'F#4', 'C5', 'D5']		
190.0	48	2	0.5	0.5	['A2', 'F#4', 'C5', 'D5']		
190.5	48	2.25	0.125	0.25	['D4', 'F#4', 'C5', 'D5']		
190.75	48	2.38	0.0625	0.25	['D4', 'F#4', 'C5', 'E-5']		
191.0	48	2.5	0.25	0.5	['A3', 'C4', 'F#4', 'C5', 'D5']		
191.5	48	2.75	0.125	0.5	['D4']		
192.0	49	1	1.0	0.5	['G2', 'G4', 'C5', 'D5']	G	I
192.5	49	1.25	0.125	0.5	['D4', 'G4', 'C5', 'D5']		
193.0	49	1.5	0.25	0.5	['G3', 'C4', 'G4', 'C5', 'D5']		
193.5	49	1.75	0.125	0.25	['D4', 'G4', 'C5', 'D5']		
193.75	49	1.88	0.0625	0.25	['D4', 'G4', 'C5', 'D5']		
194.0	49	2	0.5	0.5	['G2', 'G4', 'C5', 'D5']		
194.5	49	2.25	0.125	0.25	['D4', 'G4', 'C5', 'D5']		
194.75	49	2.38	0.0625	0.25	['D4', 'G4', 'C5', 'E-5']		
195.0	49	2.5	0.25	0.5	['G3', 'C4', 'G4', 'C5', 'D5']		
195.5	49	2.75	0.125	0.5	['D4']		
196.0	50	1	1.0	0.5	['F#2', 'A4', 'C5', 'D5']	G	V65
196.5	50	1.25	0.125	0.5	['D4', 'A4', 'C5', 'D5']		
197.0	50	1.5	0.25	0.5	['A3', 'C4', 'A4', 'C5', 'D5']		
197.5	50	1.75	0.125	0.25	['D4', 'A4', 'C5', 'D5']		
197.75	50	1.88	0.0625	0.25	['D4', 'A4', 'C5', 'D5']		
198.0	50	2	0.5	0.5	['G2', 'A4', 'C5', 'D5']	G	I
198.5	50	2.25	0.125	0.5	['D4', 'A4', 'C5', 'D5']		
199.0	50	2.5	0.25	0.5	['G3', 'B3', 'G4', 'B4', 'D5']		
199.5	50	2.75	0.125	0.5	['D4', 'G4', 'B4', 'D5']		
200.0	51	1	1.0	0.5	['D3', 'F#4', 'A4', 'D5']	G	V
200.5	51	1.25	0.125	0.5	['D4', 'F#4', 'A4', 'D5']		
201.0	51	1.5	0.25	0.5	['F#3', 'A3', 'F#4', 'A4', 'D5']		
201.5	51	1.75	0.125	0.5	['D4', 'F#4', 'A4', 'D5']		
202.0	51	2	0.5	0.5	['D3', 'F#4', 'A4', 'D5']		
202.5	51	2.25	0.125	0.5	['D4', 'F#4', 'A4', 'D5']		
203.0	51	2.5	0.25	0.5	['F#3', 'A3']		
203.5	51	2.75	0.125	0.5	['D4', 'A4']		
204.0	52	1	1.0	0.5	['G2', 'B4']	G	I
204.5	52	1.25	0.125	0.5	['B3', 'G4', 'B4', 'D5']		
205.0	52	1.5	0.25	0.5	['D3', 'G3', 'G4', 'B4', 'D5']		
205.5	52	1.75	0.125	0.5	['B3', 'G4', 'B4', 'D5']		
206.0	52	2	0.5	0.5	['B2', 'G4', 'B4', 'D5']	G	I6
206.5	52	2.25	0.125	0.25	['B3', 'G4', 'B4', 'D5']		
206.75	52	2.38	0.0625	0.25	['B3', 'G4', 'B4', 'D5', 'E5']		
207.0	52	2.5	0.25	0.5	['D3', 'G3', 'G4', 'B4', 'D5']		
207.5	52	2.75	0.125	0.5	['B3', 'D5']		
208.0	53	1	1.0	0.5	['F#3', 'A4', 'C5', 'D5']	G	V65
208.5	53	1.25	0.125	0.5	['D4', 'C5']		
209.0	53	1.5	0.25	0.5	['G3', 'G4', 'B4', 'D5']	G	I
209.5	53	1.75	0.125	0.5	['D4', 'B4']		
210.0	53	2	0.5	0.5	['D3', 'F#4', 'A4', 'D5']	G	V
210.5	53	2.25	0.125	0.5	['D4', 'F#4', 'A4', 'D5']		
211.0	53	2.5	0.25	0.5	['F#3', 'A3', 'F#4', 'A4', 'D5']		
211.5	53	2.75	0.125	0.5	['D4', 'F#4', 'A4', 'D5']		
212.0	54	1	1.0	0.5	['C3', 'A4']	G	ii65
212.5	54	1.25	0.125	0.5	['E4', 'G4', 'A4', 'E5']		
213.0	54	1.5	0.25	0.5	['G3', 'A3', 'G4', 'A4', 'E5']		
213.5	54	1.75	0.125	0.5	['E4', 'G4', 'A4', 'E5']		
214.0	54	2	0.5	0.5	['D3', 'F#4', 'A4', 'C5', 'D5']	G	V
214.5	54	2.25	0.125	0.25	['D4', 'F#4', 'A4', 'C5', 'D5']		
214.75	54	2.38	0.0625	0.25	['D4', 'F#4', 'A4', 'C5', 'E5']		
215.0	54	2.5	0.25	0.5	['F#3', 'A3', 'F#4', 'A4', 'C5', 'D5']		
215.5	54	2.75	0.125	0.5	['D4', 'C5']		
216.0	55	1	1.0	0.5	['G2', 'B4']	G	I
216.5	55	1.25	0.125	0.5	['D4', 'G4', 'B4', 'D5']		
217.0	55	1.5	0.25	0.5	['G3', 'B3', 'G4', 'B4', 'D5']		
217.5	55	1.75	0.125	0.5	['D4', 'G4', 'B4', 'D5']		
218.0	55	2	0.5	0.5	['B3', 'D5']		
218.5	55	2.25	0.125	0.25	['D4', 'D5']		
218.75	55	2.38	0.0625	0.25	['D4', 'D5', 'E5']		
219.0	55	2.5	0.25	0.5	['A3', 'C5', 'D5']		
219.5	55	2.75	0.125	0.5	['D4', 'C5', 'F#5']		
220.0	56	1	1.0	0.5	['G2', 'B4', 'D5', 'G5']	G	I
220.5	56	1.25	0.125	0.5	['B3', 'G4', 'B4', 'D5']		
221.0	56	1.5	0.25	0.5	['D3', 'G3', 'G4', 'B4', 'D5']		
221.5	56	1.75	0.125	0.5	['B3', 'G4', 'B4', 'D5']		
222.0	56	2	0.5	0.5	['B2', 'G4', 'B4', 'D5']	G	I6
222.5	56	2.25	0.125	0.25	['B3', 'G4', 'B4', 'D5']		
222.75	56	2.38	0.0625	0.25	['B3', 'G4', 'B4', 'D5', 'E5']		
223.0	56	2.5	0.25	0.5	['D3', 'G3', 'G4', 'B4', 'D5']		
223.5	56	2.75	0.125	0.5	['B3', 'D5']		
224.0	57	1	1.0	0.5	['F#3', 'A4', 'C5', 'D5']	G	V65
224.5	57	1.25	0.125	0.5	['D4', 'C5']		
225.0	57	1.5	0.25	0.5	['G3', 'G4', 'B4', 'D5']	G	I
225.5	57	1.75	0.125	0.5	['D4', 'B4']		
226.0	57	2	0.5	0.5	['D3', 'F#4', 'A4', 'D5']	G	V
226.5	57	2.25	0.125	0.5	['D4', 'F#4', 'A4', 'D5']		
227.0	57	2.5	0.25	0.5	['F#3', 'A3', 'F#4', 'A4', 'D5']		
227.5	57	2.75	0.125	0.5	['D4', 'F#4', 'A4', 'D5']		
228.0	58	1	1.0	0.5	['C3', 'A4']	G	ii65
228.5	58	1.25	0.125	0.5	['E4', 'G4', 'A4', 'E5']		
229.0	58	1.5	0.25	0.5	['G3', 'A3', 'G4', 'A4', 'E5']		
229.5	58	1.75	0.125	0.5	['E4', 'G4', 'A4', 'E5']		
230.0	58	2	0.5	0.5	['A2', 'F#4', 'C5', 'E5']	G	viiø6
230.5	58	2.25	0.125	0.25	['E4', 'F#4', 'C5', 'E5']		
230.75	58	2.38	0.0625	0.25	['E4', 'F#4', 'C5', 'F#5']		
231.0	58	2.5	0.25	0.5	['F#3', 'C4', 'F#4', 'C5', 'E5']		
231.5	58	2.75	0.125	0.5	['E4', 'C5']		
232.0	59	1	1.0	0.5	['B2', 'B4']	B	I
232.5	59	1.25	0.125	0.5	['D#4', 'F#4', 'B4', 'D#5']		
233.0	59	1.5	0.25	0.5	['F#3', 'B3', 'F#4', 'B4', 'D#5']		
233.5	59	1.75	0.125	0.5	['D#4', 'F#4', 'B4', 'D#5']		
234.0	59	2	0.5	0.5	['B2', 'B4', 'D#5', 'F#5']	B	I
234.5	59	2.25	0.125	0.25	['D#4', 'B4', 'D#5', 'F#5']		
234.75	59	2.38	0.0625	0.25	['D#4', 'B4', 'D#5', 'G5']		
235.0	59	2.5	0.25	0.5	['F#3', 'B3', 'B4', 'D#5', 'F#5']		
235.5	59	2.75	0.125	0.5	['D#4']		
236.0	60	1	1.0	0.5	['B2']	B	iv64
236.5	60	1.25	0.125	0.5	['E4', 'B4', 'E5', 'G5']		
237.0	60	1.5	0.25	0.5	['G3', 'B3', 'B4', 'E5', 'G5']		
237.5	60	1.75	0.125	0.5	['E4', 'B4', 'E5', 'G5']		
238.0	60	2	0.5	0.5	['B2', 'E5', 'G5', 'B5']		
238.5	60	2.25	0.125	0.25	['E4', 'E5', 'G5', 'B5']		
238.75	60	2.38	0.0625	0.25	['E4', 'E5', 'G5', 'E6']		
239.0	60	2.5	0.25	0.5	['G3', 'C#4', 'E5', 'G5', 'A#5']	B	viio42
239.5	60	2.75	0.125	0.5	['E4']		
240.0	61	1	1.0	0.5	['B2']	B	I
240.5	61	1.25	0.125	0.5	['D#4', 'D#5', 'F#5']		
241.0	61	1.5	0.25	0.5	['F#3', 'B3', 'D#5', 'F#5']		
241.5	61	1.75	0.125	0.5	['D#4', 'D#5', 'F#5']		
242.0	61	2	0.5	0.5	['B2', 'D#5', 'F#5', 'B5']		
242.5	61	2.25	0.125	0.5	['D#4', 'D#5', 'F#5', 'B5']		
243.0	61	2.5	0.25	0.5	['F#3', 'B3', 'B4', 'D#5', 'F#5', 'B5']		
243.5	61	2.75	0.125	0.5	['D#4', 'B4', 'D#5', 'F#5', 'B5']		
244.0	62	1	1.0	0.5	['C3', 'B4']	G	V42
244.5	62	1.25	0.125	0.5	['A3', 'D4', 'F#4', 'A4', 'B4']		
245.0	62	1.5	0.25	0.5	['D3', 'F#3', 'D4', 'F#4', 'A4', 'B4']		
245.5	62	1.75	0.125	0.5	['A3', 'D4', 'F#4', 'A4']		
246.0	62	2	0.5	0.5	['C3', 'F#4', 'A4', 'C5', 'D5']		
246.5	62	2.25	0.125	0.5	['A3', 'F#4', 'A4', 'C5', 'D5']		
247.0	62	2.5	0.25	0.5	['D3', 'F#3', 'D4', 'F#4', 'A4']		
247.5	62	2.75	0.125	0.5	['A3', 'F#4']		
248.0	63	1	1.0	0.5	['B2', 'G4']	G	I6
248.5	63	1.25	0.125	0.5	['B3', 'D4', 'G4', 'B4']		
249.0	63	1.5	0.25	0.5	['D3', 'G3', 'D4', 'G4', 'B4']		
249.5	63	1.75	0.125	0.5	['B3', 'D4', 'G4', 'A4', 'B4']		
250.0	63	2	0.5	0.5	['B2', 'G4', 'B4', 'D5']		
250.5	63	2.25	0.125	0.5	['B3', 'G4', 'B4', 'D5']		
251.0	63	2.5	0.25	0.5	['D3', 'G3', 'D4', 'G4', 'B4']		
251.5	63	2.75	0.125	0.5	['B3', 'B4']		
252.0	64	1	1.0	0.5	['G2', 'B4']	G	I
252.5	64	1.25	0.125	0.5	['B3', 'G4', 'B4', 'D5']		
253.0	64	1.5	0.25	0.5	['D3', 'G3', 'G4', 'B4', 'D5']		
253.5	64	1.75	0.125	0.5	['B3', 'G4', 'B4', 'D5']		
254.0	64	2	0.5	0.5	['B2', 'G4', 'D5', 'G5']	G	I6
254.5	64	2.25	0.125	0.5	['B3', 'G4', 'D5', 'G5']		
255.0	64	2.5	0.25	0.5	['D3', 'G3', 'G4', 'B4', 'D5']		
255.5	64	2.75	0.125	0.5	['B3', 'D5']		
256.0	65	1	1.0	0.5	['D3', 'A4']	G	V
256.5	65	1.25	0.125	0.5	['D4', 'F#4', 'A4']		
257.0	65	1.5	0.25	0.5	['F#3', 'A3', 'F#4', 'A4']		
257.5	65	1.75	0.125	0.5	['D4', 'F#4', 'A4']		
258.0	65	2	0.5	0.5	['D3', 'F#4', 'A4', 'D5']		
258.5	65	2.25	0.125	0.5	['D4', 'F#4', 'A4', 'D5']		
259.0	65	2.5	0.25	0.5	['F#3', 'A3', 'F#4', 'A4', 'D5']		
259.5	65	2.75	0.125	0.5	['D4', 'A4', 'A5']		
260.0	66	1	1.0	0.5	['C3', 'B4', 'B5']	G	V42
260.5	66	1.25	0.125	0.5	['D4', 'B4', 'B5']		
261.0	66	1.5	0.25	0.5	['F#3', 'A3', 'B4', 'B5']		
261.5	66	1.75	0.125	0.5	['D4', 'A4', 'A5']		
262.0	66	2	0.5	0.5	['C3', 'E5', 'E6']		
262.5	66	2.25	0.125	0.5	['D4', 'E5', 'E6']		
263.0	66	2.5	0.25	0.5	['F#3', 'A3', 'D5', 'D6']		
263.5	66	2.75	0.125	0.5	['D4', 'D5', 'D6']		
264.0	67	1	1.0	0.5	['B2', 'D5', 'D6']	G	I6
264.5	67	1.25	0.125	0.5	['D4', 'D5', 'D6']		
265.0	67	1.5	0.25	0.5	['G3', 'B3', 'D5', 'D6']		
265.5	67	1.75	0.125	0.5	['D4', 'B4', 'B5']		
266.0	67	2	0.5	0.5	['B2', 'G4', 'G5']		
266.5	67	2.25	0.125	0.5	['D4', 'G4', 'G5']		
267.0	67	2.5	0.25	0.5	['G3', 'B3']		
267.5	67	2.75	0.125	0.5	['D4']		
268.0	68	1	1.0	0.5	['D3', 'B4']	G	I64
268.5	68	1.25	0.125	0.5	['D4', 'B4', 'D5', 'G5', 'B5']		
269.0	68	1.5	0.25	0.5	['G3', 'B3', 'B4', 'D5', 'G5', 'B5']		
269.5	68	1.75	0.125	0.5	['D4', 'B4', 'D5', 'G5', 'B5']		
270.0	68	2	0.5	0.5	['D3', 'G3', 'A3', 'D5', 'G5', 'A5', 'D6']	G	V
270.5	68	2.25	0.125	0.5	['D4', 'D5']		
271.0	68	2.5	0.25	0.5	['D3', 'F#3', 'A3', 'D5', 'F#5', 'A5', 'D6']		
271.5	68	2.75	0.125	0.5	['D4', 'D5']		
272.0	69	1	1.0	0.5	['E3', 'B4', 'G5', 'B5']	G	vi
272.5	69	1.25	0.125	0.5	['B3', 'B4', 'G5', 'B5']		
273.0	69	1.5	0.25	0.5	['G3', 'B4', 'G5', 'B5']		
273.5	69	1.75	0.125	0.5	['B3', 'B4', 'G5', 'B5']		
274.0	69	2	0.5	0.5	['B2', 'G6']	G	I6
274.5	69	2.25	0.125	0.25	['B3', 'A6']		
274.75	69	2.38	0.0625	0.25	['B3', 'G6']		
275.0	69	2.5	0.25	0.25	['D3', 'G3', 'G5', 'F#6']		
275.25	69	2.62	0.0625	0.25	['D3', 'G3', 'G5', 'E6']		
275.5	69	2.75	0.125	0.25	['B3', 'G5', 'D6']		
275.75	69	2.88	0.0625	0.25	['B3', 'G5', 'C6']		
276.0	70	1	1.0	0.5	['D3', 'B4', 'B5']	G	V
276.5	70	1.25	0.125	0.5	['D4', 'B4', 'D5', 'G5', 'B5']		
277.0	70	1.5	0.25	0.5	['G3', 'B3', 'B4', 'D5', 'G5', 'B5']		
277.5	70	1.75	0.125	0.5	['D4', 'B4', 'D5', 'G5', 'B5']		
278.0	70	2	0.5	0.5	['D3', 'G3', 'A3', 'D5', 'G5', 'A5', 'D6']		
278.5	70	2.25	0.125	0.5	['D4', 'D5']		
279.0	70	2.5	0.25	0.5	['D3', 'F#3', 'A3', 'D5', 'F#5', 'A5', 'D6']		
279.5	70	2.75	0.125	0.5	['D4', 'D5']		
280.0	71	1	1.0	0.5	['G2', 'G4', 'B4', 'D5', 'G5']	G	I
280.5	71	1.25	0.125	0.5	['B3', 'G4', 'B4', 'D5', 'G5']		
281.0	71	1.5	0.25	0.5	['D3', 'G3', 'G4', 'B4', 'D5', 'G5']		
281.5	71	1.75	0.125	0.5	['B3', 'G4', 'B4', 'D5', 'G5']		
282.0	71	2	0.5	0.5	['G2', 'B4']		
282.5	71	2.25	0.125	0.5	['D4', 'D5']		
283.0	71	2.5	0.25	0.5	['G3', 'B3', 'G4', 'D5']		
283.5	71	2.75	0.125	0.5	['D4', 'G4', 'G5']		
284.0	72	1	1.0	0.5	['G2', 'A4']	G	IV64
284.5	72	1.25	0.125	0.5	['E4', 'G4', 'A4']		
285.0	72	1.5	0.25	0.5	['G3', 'C4', 'G4', 'A4', 'C5']		
285.5	72	1.75	0.125	0.5	['E4', 'G4', 'A4', 'B4']		
286.0	72	2	0.5	0.5	['G2', 'G4', 'A4', 'G5']		
286.5	72	2.25	0.125	0.5	['E4', 'G4', 'A4', 'G5']		
287.0	72	2.5	0.25	0.5	['G3', 'C4', 'G4', 'A4', 'G5']		
287.5	72	2.75	0.125	0.5	['E4', 'G4', 'A4', 'G5']		
288.0	73	1	1.0	0.5	['G2', 'B4']	C	V7
288.5	73	1.25	0.125	0.5	['F4', 'G4', 'B4']		
289.0	73	1.5	0.25	0.5	['G3', 'D4', 'G4', 'B4', 'D5']		
289.5	73	1.75	0.125	0.5	['F4', 'G4', 'B4', 'C5']		
290.0	73	2	0.5	0.5	['G2', 'G4', 'B4', 'G5']		
290.5	73	2.25	0.125	0.5	['F4', 'G4', 'B4', 'G5']		
291.0	73	2.5	0.25	0.5	['G3', 'D4', 'G4', 'B4', 'G5']		
291.5	73	2.75	0.125	0.5	['F4', 'G4', 'B4', 'G5']		
292.0	74	1	1.0	0.5	['G2', 'C5']	C	I64
292.5	74	1.25	0.125	0.5	['E4', 'G4', 'C5', 'E5']		
293.0	74	1.5	0.25	0.5	['G3', 'C4', 'G4', 'C5', 'E5']		
293.5	74	1.75	0.125	0.5	['E4', 'G4', 'C5', 'E5']		
294.0	74	2	0.5	0.5	['G2', 'G4', 'D5', 'F5', 'G5']	C	V7
294.5	74	2.25	0.125	0.5	['D4', 'G4', 'D5', 'F5', 'G5']		
295.0	74	2.5	0.25	0.5	['G3', 'B3', 'G4', 'D5', 'F5', 'G5']		
295.5	74	2.75	0.125	0.5	['D4', 'G4', 'D5', 'F5', 'G5']		
296.0	75	1	1.0	0.5	['C3', 'E5']	C	I
296.5	75	1.25	0.125	0.5	['E4', 'G4', 'C5', 'E5']		
297.0	75	1.5	0.25	0.5	['G3', 'C4', 'G4', 'C5', 'E5']		
297.5	75	1.75	0.125	0.5	['E4', 'G4', 'C5', 'E5']		
298.0	75	2	0.5	0.5	['C3', 'G4', 'C5', 'E5', 'G5']		
298.5	75	2.25	0.125	0.5	['E4', 'G4', 'C5', 'E5', 'G5']		
299.0	75	2.5	0.25	0.5	['G3', 'C4', 'G4', 'C5', 'E5', 'G5']		
299.5	75	2.75	0.125	0.5	['E4', 'G4', 'C5', 'E5', 'G5']		
300.0	76	1	1.0	0.5	['C3']	C	I
300.5	76	1.25	0.125	0.5	['E4', 'G4', 'C5', 'E5']		
301.0	76	1.5	0.25	0.5	['G3', 'C4', 'G4', 'C5', 'E5']		
301.5	76	1.75	0.125	0.5	['E4', 'G4', 'C5', 'E5']		
302.0	76	2	0.5	0.5	['C3', 'G4', 'C5', 'E5', 'G5']		
302.5	76	2.25	0.125	0.5	['E4', 'G4', 'C5', 'E5', 'G5']		
303.0	76	2.5	0.25	0.5	['G3', 'C4', 'G4', 'C5', 'E5', 'G5']		
303.5	76	2.75	0.125	0.5	['E4', 'G4', 'C5', 'E5', 'G5']		
304.0	77	1	1.0	0.5	['B2', 'E5']	A	V43
304.5	77	1.25	0.125	0.5	['D4', 'G#4', 'D5', 'E5']		
305.0	77	1.5	0.25	0.5	['E3', 'G#3', 'G#4', 'D5', 'E5']		
305.5	77	1.75	0.125	0.5	['D4', 'G#4', 'D5', 'E5']		
306.0	77	2	0.5	0.5	['B2', 'G#4', 'D5', 'E5', 'G#5']		
306.5	77	2.25	0.125	0.5	['D4', 'G#4', 'D5', 'E5', 'G#5']		
307.0	77	2.5	0.25	0.5	['E3', 'G#3', 'G#4', 'B4', 'D5', 'E5', 'G#5']		
307.5	77	2.75	0.125	0.5	['D4', 'G#4', 'B4', 'D5', 'E5', 'G#5']		
308.0	78	1	1.0	0.5	['A2', 'D5']	A	I
308.5	78	1.25	0.125	0.5	['C#4', 'A4', 'C#5', 'D5', 'E5']		
309.0	78	1.5	0.25	0.5	['E3', 'A3', 'A4', 'C#5', 'E5']		
309.5	78	1.75	0.125	0.5	['C#4', 'A4', 'C#5', 'E5']		
310.0	78	2	0.5	0.5	['A2', 'A4', 'C#5', 'E5', 'A5']		
310.5	78	2.25	0.125	0.5	['C#4', 'A4', 'C#5', 'E5', 'A5']		
311.0	78	2.5	0.25	0.5	['E3', 'A3', 'A4', 'C#5', 'E5', 'A5']		
311.5	78	2.75	0.125	0.5	['C#4', 'A4', 'C#5', 'E5', 'A5']		
312.0	79	1	1.0	0.5	['G#2']	A	V65
312.5	79	1.25	0.125	0.5	['D4', 'B4', 'D5', 'E5']		
313.0	79	1.5	0.25	0.5	['E3', 'B3', 'B4', 'D5', 'E5']		
313.5	79	1.75	0.125	0.5	['D4', 'B4', 'D5', 'E5']		
314.0	79	2	0.5	0.5	['G#2', 'B4', 'D5', 'E5', 'B5']		
314.5	79	2.25	0.125	0.5	['D4', 'B4', 'D5', 'E5', 'B5']		
315.0	79	2.5	0.25	0.5	['E3', 'B3', 'B4', 'D5', 'E5', 'B5']		
315.5	79	2.75	0.125	0.5	['D4', 'B4', 'D5', 'E5', 'B5']		
316.0	80	1	1.0	0.5	['A2', 'C#5']	A	I
316.5	80	1.25	0.125	0.5	['C#4', 'A4', 'C#5', 'E5']		
317.0	80	1.5	0.25	0.5	['E3', 'A3', 'A4', 'C#5', 'E5']		
317.5	80	1.75	0.125	0.5	['C#4', 'A4', 'C#5', 'E5']		
318.0	80	2	0.5	0.5	['A2', 'A4', 'C#5', 'E5', 'A5']		
318.5	80	2.25	0.125	0.5	['C#4', 'A4', 'C#5', 'E5', 'A5']		
319.0	80	2.5	0.25	0.5	['E3', 'A3', 'A4', 'C#5', 'E5', 'A5']		
319.5	80	2.75	0.125	0.5	['C#4', 'A4', 'C#5', 'E5', 'A5']		
320.0	81	1	1.0	0.5	['B2']	A	V43
320.5	81	1.25	0.125	0.5	['D4', 'G#4', 'D5', 'E5']		
321.0	81	1.5	0.25	0.5	['E3', 'G#3', 'G#4', 'D5', 'E5']		
321.5	81	1.75	0.125	0.5	['D4', 'G#4', 'D5', 'E5']		
322.0	81	2	0.5	0.5	['B2', 'G#4', 'D5', 'E5', 'G#5']		
322.5	81	2.25	0.125	0.5	['D4', 'G#4', 'D5', 'E5', 'G#5']		
323.0	81	2.5	0.25	0.5	['E3', 'G#3', 'G#4', 'D5', 'E5', 'G#5']		
323.5	81	2.75	0.125	0.5	['D4', 'G#4', 'D5', 'E5', 'F5', 'G#5']		
324.0	82	1	1.0	0.5	['C3', 'E5']	A	i6
324.5	82	1.25	0.125	0.5	['C4', 'A4', 'C5', 'E5']		
325.0	82	1.5	0.25	0.5	['E3', 'A3', 'A4', 'C5', 'E5']		
325.5	82	1.75	0.125	0.5	['C4', 'A4', 'C5', 'E5']		
326.0	82	2	0.5	0.5	['C3', 'A4', 'C5', 'E5', 'A5']		
326.5	82	2.25	0.125	0.5	['C4', 'A4', 'C5', 'E5', 'A5']		
327.0	82	2.5	0.25	0.5	['E3', 'A3', 'A4', 'C5', 'D5', 'E5', 'A5']		
327.5	82	2.75	0.125	0.5	['C4', 'A4', 'C5', 'E5', 'A5']		
328.0	83	1	1.0	0.5	['D3', 'C5']	G	I
328.5	83	1.25	0.125	0.5	['D4', 'C5', 'D5', 'G5', 'B5']		
329.0	83	1.5	0.25	0.5	['G3', 'B3', 'C5', 'D5', 'G5', 'B5']		
329.5	83	1.75	0.125	0.5	['D4', 'B4', 'D5', 'G5', 'B5']		
330.0	83	2	0.5	0.5	['D3', 'G3', 'A3', 'D5', 'G5', 'A5', 'D6']	G	V
330.5	83	2.25	0.125	0.5	['D4', 'D5']		
331.0	83	2.5	0.25	0.5	['D3', 'F#3', 'A3', 'D5', 'F#5', 'A5', 'D6']		
331.5	83	2.75	0.125	0.5	['D4', 'D5']		
332.0	84	1	1.0	0.5	['E3', 'B4', 'G5', 'B5']	G	vi
332.5	84	1.25	0.125	0.5	['B3', 'B4', 'G5', 'B5']		
333.0	84	1.5	0.25	0.5	['G3', 'B4', 'G5', 'B5']		
333.5	84	1.75	0.125	0.5	['B3', 'B4', 'G5', 'B5']		
334.0	84	2	0.5	0.5	['B2', 'G6']	G	I6
334.5	84	2.25	0.125	0.25	['B3', 'A6']		
334.75	84	2.38	0.0625	0.25	['B3', 'G6']		
335.0	84	2.5	0.25	0.25	['D3', 'G3', 'G5', 'F#6']		
335.25	84	2.62	0.0625	0.25	['D3', 'G3', 'G5', 'E6']		
335.5	84	2.75	0.125	0.25	['B3', 'G5', 'D6']		
335.75	84	2.88	0.0625	0.25	['B3', 'G5', 'C6']		
336.0	85	1	1.0	0.5	['D3', 'G5', 'B5']	G	V
336.5	85	1.25	0.125	0.5	['D4', 'D5', 'G5', 'B5']		
337.0	85	1.5	0.25	0.5	['G3', 'B3', 'D5', 'G5', 'B5']		
337.5	85	1.75	0.125	0.5	['D4', 'B4', 'D5', 'G5', 'B5']		
338.0	85	2	0.5	0.5	['D3', 'G3', 'A3', 'D5', 'G5', 'A5', 'D6']		
338.5	85	2.25	0.125	0.5	['D4', 'D5']		
339.0	85	2.5	0.25	0.5	['D3', 'F#3', 'A3', 'D5', 'F#5', 'A5', 'D6']		
339.5	85	2.75	0.125	0.5	['D4', 'D5']		
340.0	86	1	1.0	0.5	['G2', 'G4', 'B4', 'D5', 'G5']	G	I
340.5	86	1.25	0.125	0.5	['B3', 'G4', 'B4', 'D5', 'G5']		
341.0	86	1.5	0.25	0.5	['D3', 'G3', 'G4', 'B4', 'D5', 'G5']		
341.5	86	1.75	0.125	0.5	['B3', 'G4', 'B4', 'D5', 'G5']		
342.0	86	2	0.5	0.5	['G2', 'B4']		
342.5	86	2.25	0.125	0.5	['D4', 'D5']		
343.0	86	2.5	0.25	0.5	['G3', 'B3', 'G4', 'D5']		
343.5	86	2.75	0.125	0.5	['D4', 'G4', 'G5']		
344.0	87	1	1.0	0.5	['G2', 'A4']	G	IV64
344.5	87	1.25	0.125	0.5	['E4', 'G4', 'A4']		
345.0	87	1.5	0.25	0.5	['G3', 'C4', 'G4', 'A4', 'C5']		
345.5	87	1.75	0.125	0.5	['E4', 'G4', 'A4', 'B4']		
346.0	87	2	0.5	0.5	['G2', 'G4', 'A4', 'G5']		
346.5	87	2.25	0.125	0.5	['E4', 'G4', 'A4', 'G5']		
347.0	87	2.5	0.25	0.5	['G3', 'C4', 'G4', 'A4', 'G5']		
347.5	87	2.75	0.125	0.5	['E4', 'G4', 'A4', 'G5']		
348.0	88	1	1.0	0.5	['G2', 'B4']	C	V7
348.5	88	1.25	0.125	0.5	['F4', 'G4', 'B4']		
349.0	88	1.5	0.25	0.5	['G3', 'D4', 'G4', 'B4', 'D5']		
349.5	88	1.75	0.125	0.5	['F4', 'G4', 'B4', 'C5']		
350.0	88	2	0.5	0.5	['G2', 'G4', 'B4', 'G5']		
350.5	88	2.25	0.125	0.5	['F4', 'G4', 'B4', 'G5']		
351.0	88	2.5	0.25	0.5	['G3', 'D4', 'G4', 'B4', 'G5']		
351.5	88	2.75	0.125	0.5	['F4', 'G4', 'B4', 'G5']		
352.0	89	1	1.0	0.5	['C3', 'C5']	Eb	vi
352.5	89	1.25	0.125	0.5	['E-4', 'G4', 'C5', 'E-5']		
353.0	89	1.5	0.25	0.5	['G3', 'C4', 'G4', 'C5', 'E-5']		
353.5	89	1.75	0.125	0.5	['E-4', 'G4', 'C5', 'E-5']		
354.0	89	2	0.5	0.5	['B-2', 'B-4', 'D5', 'F5', 'A-5', 'B-5']	Eb	V7
354.5	89	2.25	0.125	0.5	['F4', 'B-4', 'D5', 'F5', 'A-5', 'B-5']		
355.0	89	2.5	0.25	0.5	['B-3', 'D4', 'B-4', 'D5', 'F5', 'A-5', 'B-5']		
355.5	89	2.75	0.125	0.5	['F4', 'B-4', 'D5', 'F5', 'A-5', 'B-5']		
356.0	90	1	1.0	0.5	['E-3', 'E-5']	Eb	I
356.5	90	1.25	0.125	0.5	['E-4', 'G4', 'B-4', 'E-5']		
357.0	90	1.5	0.25	0.5	['G3', 'B-3', 'G4', 'B-4', 'E-5']		
357.5	90	1.75	0.125	0.5	['E-4', 'G4', 'B-4', 'E-5']		
358.0	90	2	0.5	0.5	['E-3', 'G4', 'B-4', 'E-5', 'G5']		
358.5	90	2.25	0.125	0.5	['E-4', 'G4', 'B-4', 'E-5', 'G5']		
359.0	90	2.5	0.25	0.5	['G3', 'B-3', 'G4', 'B-4', 'E-5', 'G5']		
359.5	90	2.75	0.125	0.5	['E-4', 'G4', 'B-4', 'E-5', 'G5']		
360.0	91	1	1.0	0.5	['E-3']	Eb	I
360.5	91	1.25	0.125	0.5	['E-4', 'G4', 'B-4', 'E-5']		
361.0	91	1.5	0.25	0.5	['G3', 'B-3', 'G4', 'B-4', 'E-5']		
361.5	91	1.75	0.125	0.5	['E-4', 'G4', 'B-4', 'E-5']		
362.0	91	2	0.5	0.5	['E-3', 'G4', 'B-4', 'E-5', 'G5']		
362.5	91	2.25	0.125	0.5	['E-4', 'G4', 'B-4', 'E-5', 'G5']		
363.0	91	2.5	0.25	0.5	['G3', 'B-3', 'G4', 'B-4', 'E-5', 'G5']		
363.5	91	2.75	0.125	0.5	['E-4', 'G4', 'B-4', 'E-5', 'G5']		
364.0	92	1	1.0	0.5	['F#2', 'D5']	G	V65
364.5	92	1.25	0.125	0.5	['C4', 'A4', 'C5', 'D5']		
365.0	92	1.5	0.25	0.5	['D3', 'A3', 'A4', 'C5', 'D5']		
365.5	92	1.75	0.125	0.5	['C4', 'A4', 'C5', 'D5']		
366.0	92	2	0.5	0.5	['F#2', 'A4', 'C5', 'D5', 'A5']		
366.5	92	2.25	0.125	0.5	['C4', 'A4', 'C5', 'D5', 'A5']		
367.0	92	2.5	0.25	0.5	['D3', 'A3', 'A4', 'C5', 'D5', 'A5']		
367.5	92	2.75	0.125	0.5	['C4', 'A4', 'C5', 'D5', 'A5']		
368.0	93	1	1.0	0.5	['G2', 'C5']	G	I
368.5	93	1.25	0.125	0.5	['B3', 'G4', 'B4', 'C5', 'D5']		
369.0	93	1.5	0.25	0.5	['D3', 'G3', 'G4', 'B4', 'D5']		
369.5	93	1.75	0.125	0.5	['B3', 'G4', 'B4', 'D5']		
370.0	93	2	0.5	0.5	['G2', 'G4', 'B4', 'D5', 'G5']		
370.5	93	2.25	0.125	0.5	['B3', 'G4', 'B4', 'D5', 'G5']		
371.0	93	2.5	0.25	0.5	['D3', 'G3', 'G4', 'B4', 'D5', 'G5']		
371.5	93	2.75	0.125	0.5	['B3', 'G4', 'B4', 'D5', 'G5']		
372.0	94	1	1.0	0.5	['F#2']	G	V65
372.5	94	1.25	0.125	0.5	['C4', 'A4', 'C5', 'D5']		
373.0	94	1.5	0.25	0.5	['D3', 'A3', 'A4', 'C5', 'D5']		
373.5	94	1.75	0.125	0.5	['C4', 'A4', 'C5', 'D5']		
374.0	94	2	0.5	0.5	['F#2', 'A4', 'C5', 'D5', 'A5']		
374.5	94	2.25	0.125	0.5	['C4', 'A4', 'C5', 'D5', 'A5']		
375.0	94	2.5	0.25	0.5	['D3', 'A3', 'A4', 'C5', 'D5', 'A5']		
375.5	94	2.75	0.125	0.5	['C4', 'A4', 'C5', 'D5', 'A5']		
376.0	95	1	1.0	0.5	['G2', 'B4']	G	I
376.5	95	1.25	0.125	0.5	['B3', 'G4', 'B4', 'D5']		
377.0	95	1.5	0.25	0.5	['D3', 'G3', 'G4', 'B4', 'D5']		
377.5	95	1.75	0.125	0.5	['B3', 'G4', 'B4', 'D5']		
378.0	95	2	0.5	0.5	['G2', 'G4', 'B4', 'D5', 'G5']		
378.5	95	2.25	0.125	0.5	['B3', 'G4', 'B4', 'D5', 'G5']		
379.0	95	2.5	0.25	0.5	['D3', 'G3', 'G4', 'B4', 'D5', 'G5']		
379.5	95	2.75	0.125	0.5	['B3', 'G4', 'B4', 'D5', 'G5']		
380.0	96	1	1.0	0.5	['G#2']	G	V6/ii
380.5	96	1.25	0.125	0.5	['D4', 'B4', 'D5', 'E5']		
381.0	96	1.5	0.25	0.5	['E3', 'B3', 'B4', 'D5', 'E5']		
381.5	96	1.75	0.125	0.5	['D4', 'B4', 'D5', 'E5']		
382.0	96	2	0.5	0.5	['G#2', 'B4', 'D5', 'E5', 'B5']		
382.5	96	2.25	0.125	0.5	['D4', 'B4', 'D5', 'E5', 'B5']		
383.0	96	2.5	0.25	0.5	['E3', 'B3', 'B4', 'D5', 'E5', 'B5']		
383.5	96	2.75	0.125	0.5	['D4', 'B4', 'D5', 'E5', 'F5', 'B5']		
384.0	97	1	1.0	0.5	['A2', 'E5']	G	V6/ii
384.5	97	1.25	0.125	0.5	['C4', 'A4', 'C5', 'E5']		
385.0	97	1.5	0.25	0.5	['E3', 'A3', 'A4', 'C5', 'E5']		
385.5	97	1.75	0.125	0.5	['C4', 'A4', 'C5', 'E5']		
386.0	97	2	0.5	0.5	['C3', 'A4', 'C5', 'E5', 'A5']		
386.5	97	2.25	0.125	0.5	['C4', 'A4', 'C5', 'E5', 'A5']		
387.0	97	2.5	0.25	0.5	['E3', 'A3', 'A4', 'C5', 'D5', 'E5', 'A5']		
387.5	97	2.75	0.125	0.5	['C4', 'A4', 'C5', 'E5', 'A5']		
388.0	98	1	1.0	0.5	['D3', 'C5']	G	I
388.5	98	1.25	0.125	0.5	['D4', 'C5', 'D5', 'G5', 'B5']		
389.0	98	1.5	0.25	0.5	['G3', 'B3', 'C5', 'D5', 'G5', 'B5']		
389.5	98	1.75	0.125	0.5	['D4', 'B4', 'D5', 'G5', 'B5']		
390.0	98	2	0.5	0.5	['D3', 'G3', 'A3', 'D5', 'G5', 'A5', 'D6']	G	V
390.5	98	2.25	0.125	0.5	['D4', 'D5']		
391.0	98	2.5	0.25	0.5	['D3', 'F#3', 'A3', 'D5', 'F#5', 'A5', 'D6']		
391.5	98	2.75	0.125	0.5	['D4', 'D5']		
392.0	99	1	1.0	0.5	['E3', 'B4', 'G5', 'B5']	G	vi
392.5	99	1.25	0.125	0.5	['B3', 'B4', 'G5', 'B5']		
393.0	99	1.5	0.25	0.5	['G3', 'B4', 'G5', 'B5']		
393.5	99	1.75	0.125	0.5	['B3', 'B4', 'G5', 'B5']		
394.0	99	2	0.5	0.5	['B2', 'G6']	G	I6
394.5	99	2.25	0.125	0.25	['B3', 'A6']		
394.75	99	2.38	0.0625	0.25	['B3', 'G6']		
395.0	99	2.5	0.25	0.25	['D3', 'G3', 'G5', 'F#6']		
395.25	99	2.62	0.0625	0.25	['D3', 'G3', 'G5', 'E6']		
395.5	99	2.75	0.125	0.25	['B3', 'G5', 'D6']		
395.75	99	2.88	0.0625	0.25	['B3', 'G5', 'C6']		
396.0	100	1	1.0	0.5	['D3', 'G5', 'B5']	G	I64
396.5	100	1.25	0.125	0.5	['D4', 'D5', 'G5', 'B5']		
397.0	100	1.5	0.25	0.5	['G3', 'B3', 'D5', 'G5', 'B5']		
397.5	100	1.75	0.125	0.5	['D4', 'B4', 'D5', 'G5', 'B5']		
398.0	100	2	0.5	0.5	['D3', 'G3', 'A3', 'D5', 'E5', 'G5', 'A5', 'D6']	G	V
398.5	100	2.25	0.125	0.5	['D4', 'E5']		
399.0	100	2.5	0.25	0.5	['D3', 'F#3', 'A3', 'D5', 'E5', 'F#5', 'A5', 'D6']		
399.5	100	2.75	0.125	0.5	['D4', 'D5']		
400.0	101	1	1.0	0.5	['G2', 'G4']	G	I
400.5	101	1.25	0.125	0.5	['B3', 'D4', 'G4', 'B4']		
401.0	101	1.5	0.25	0.5	['D3', 'G3', 'D4', 'G4', 'B4']		
401.5	101	1.75	0.125	0.5	['B3', 'D4', 'G4', 'B4']		
402.0	101	2	0.5	0.5	['B2', 'D4', 'G4', 'D5']	G	I6
402.5	101	2.25	0.125	0.5	['B3']		
403.0	101	2.5	0.25	0.5	['D3', 'G3', 'D4', 'G4', 'D5']		
403.5	101	2.75	0.125	0.5	['B3']		
404.0	102	1	1.0	0.5	['A2']	G	V43
404.5	102	1.25	0.125	0.5	['C4', 'D4', 'F#4', 'C5']		
405.0	102	1.5	0.25	0.5	['D3', 'F#3', 'D4', 'F#4', 'C5']		
405.5	102	1.75	0.125	0.5	['C4', 'D4', 'F#4', 'C5']		
406.0	102	2	0.5	0.5	['D2', 'D4', 'F#4', 'C5', 'D5']	G	V7
406.5	102	2.25	0.125	0.5	['C4']		
407.0	102	2.5	0.25	0.5	['D3', 'A3', 'D4', 'F#4', 'C5', 'D5']		
407.5	102	2.75	0.125	0.5	['C4']		
408.0	103	1	1.0	0.5	['G2']	G	I
408.5	103	1.25	0.125	0.5	['B3', 'D4', 'G4', 'B4']		
409.0	103	1.5	0.25	0.5	['D3', 'G3', 'D4', 'G4', 'B4']		
409.5	103	1.75	0.125	0.5	['B3', 'D4', 'G4', 'B4']		
410.0	103	2	0.5	0.5	['B2', 'G4', 'D5', 'G5']	G	I6
410.5	103	2.25	0.125	0.5	['B3']		
411.0	103	2.5	0.25	0.5	['D3', 'G3', 'G4', 'D5', 'G5']		
411.5	103	2.75	0.125	0.5	['B3']		
412.0	104	1	1.0	0.5	['D2']	G	V
412.5	104	1.25	0.125	0.5	['A3', 'D4', 'F#4', 'A4']		
413.0	104	1.5	0.25	0.5	['D3', 'F#3', 'D4', 'F#4', 'A4']		
413.5	104	1.75	0.125	0.5	['A3', 'D4', 'F#4', 'A4']		
414.0	104	2	0.5	0.5	['G2', 'D4', 'G4', 'B4']	G	I
414.5	104	2.25	0.125	0.5	['B3']		
415.0	104	2.5	0.25	0.5	['D3', 'G3', 'D4', 'G4', 'B4']		
415.5	104	2.75	0.125	0.5	['B3']		
416.0	105	1	1.0	0.5	['D2']	G	V
416.5	105	1.25	0.125	0.5	['A3', 'D4', 'F#4', 'A4']		
417.0	105	1.5	0.25	0.5	['D3', 'F#3', 'D4', 'F#4', 'A4']		
417.5	105	1.75	0.125	0.5	['A3', 'D4', 'F#4', 'A4']		
418.0	105	2	0.5	2.0	['G2', 'D3', 'G3', 'B3', 'D4', 'G4']	G	I
